RUN, MACHINE, JOB, TASK, ANT
0 , 5 , 3 , 12 , 50

min output
SEDAI , run = 0
0 , 32.0
1 , 30.0
2 , 31.0
3 , 28.0
4 , 31.0
5 , 28.0
6 , 29.0
7 , 30.0
8 , 28.0
9 , 26.0
10 , 29.0
11 , 31.0
12 , 29.0
13 , 29.0
14 , 30.0
15 , 28.0
16 , 30.0
17 , 25.0
18 , 26.0
19 , 25.0
20 , 29.0
21 , 29.0
22 , 28.0
23 , 25.0
24 , 26.0
25 , 27.0
26 , 27.0
27 , 27.0
28 , 28.0
29 , 28.0
30 , 27.0
31 , 27.0
32 , 27.0
33 , 27.0
34 , 28.0
35 , 25.0
36 , 27.0
37 , 27.0
38 , 29.0
39 , 28.0
40 , 29.0
41 , 26.0
42 , 27.0
43 , 29.0
44 , 26.0
45 , 28.0
46 , 26.0
47 , 28.0
48 , 29.0
49 , 28.0
50 , 27.0
51 , 28.0
52 , 27.0
53 , 29.0
54 , 26.0
55 , 27.0
56 , 27.0
57 , 26.0
58 , 26.0
59 , 24.0
60 , 27.0
61 , 26.0
62 , 25.0
63 , 26.0
64 , 25.0
65 , 28.0
66 , 28.0
67 , 26.0
68 , 26.0
69 , 25.0
70 , 27.0
71 , 29.0
72 , 26.0
73 , 28.0
74 , 28.0
75 , 26.0
76 , 26.0
77 , 28.0
78 , 26.0
79 , 25.0
80 , 29.0
81 , 26.0
82 , 26.0
83 , 26.0
84 , 27.0
85 , 27.0
86 , 26.0
87 , 26.0
88 , 27.0
89 , 26.0
90 , 25.0
91 , 28.0
92 , 27.0
93 , 26.0
94 , 25.0
95 , 26.0
96 , 26.0
97 , 27.0
98 , 28.0
99 , 26.0
100 , 27.0
101 , 26.0
102 , 26.0
103 , 27.0
104 , 24.0
105 , 27.0
106 , 23.0
107 , 24.0
108 , 26.0
109 , 26.0
110 , 26.0
111 , 25.0
112 , 25.0
113 , 29.0
114 , 26.0
115 , 23.0
116 , 26.0
117 , 26.0
118 , 27.0
119 , 26.0
120 , 26.0
121 , 26.0
122 , 25.0
123 , 23.0
124 , 27.0
125 , 27.0
126 , 27.0
127 , 25.0
128 , 27.0
129 , 27.0
130 , 25.0
131 , 25.0
132 , 26.0
133 , 27.0
134 , 27.0
135 , 26.0
136 , 25.0
137 , 25.0
138 , 25.0
139 , 26.0
140 , 26.0
141 , 25.0
142 , 26.0
143 , 23.0
144 , 25.0
145 , 27.0
146 , 26.0
147 , 26.0
148 , 23.0
149 , 24.0
150 , 27.0
151 , 26.0
152 , 25.0
153 , 26.0
154 , 26.0
155 , 25.0
156 , 25.0
157 , 25.0
158 , 25.0
159 , 25.0
160 , 24.0
161 , 24.0
162 , 24.0
163 , 23.0
164 , 24.0
165 , 24.0
166 , 25.0
167 , 25.0
168 , 27.0
169 , 26.0
170 , 26.0
171 , 24.0
172 , 24.0
173 , 26.0
174 , 26.0
175 , 24.0
176 , 23.0
177 , 25.0
178 , 23.0
179 , 24.0
180 , 23.0
181 , 23.0
182 , 24.0
183 , 24.0
184 , 25.0
185 , 24.0
186 , 23.0
187 , 25.0
188 , 25.0
189 , 24.0
190 , 23.0
191 , 23.0
192 , 24.0
193 , 25.0
194 , 25.0
195 , 23.0
196 , 25.0
197 , 24.0
198 , 24.0
199 , 23.0
200 , 25.0
201 , 24.0
202 , 24.0
203 , 24.0
204 , 23.0
205 , 24.0
206 , 25.0
207 , 23.0
208 , 25.0
209 , 24.0
210 , 24.0
211 , 25.0
212 , 25.0
213 , 23.0
214 , 25.0
215 , 26.0
216 , 23.0
217 , 24.0
218 , 24.0
219 , 23.0
220 , 24.0
221 , 23.0
222 , 24.0
223 , 23.0
224 , 23.0
225 , 23.0
226 , 24.0
227 , 24.0
228 , 23.0
229 , 24.0
230 , 24.0
231 , 24.0
232 , 23.0
233 , 24.0
234 , 24.0
235 , 24.0
236 , 25.0
237 , 23.0
238 , 23.0
239 , 24.0
240 , 24.0
241 , 23.0
242 , 23.0
243 , 24.0
244 , 24.0
245 , 23.0
246 , 24.0
247 , 24.0
248 , 23.0
249 , 24.0
250 , 24.0
251 , 24.0
252 , 23.0
253 , 23.0
254 , 23.0
255 , 23.0
256 , 23.0
257 , 24.0
258 , 23.0
259 , 23.0
260 , 24.0
261 , 23.0
262 , 24.0
263 , 23.0
264 , 24.0
265 , 23.0
266 , 24.0
267 , 24.0
268 , 25.0
269 , 23.0
270 , 25.0
271 , 23.0
272 , 24.0
273 , 23.0
274 , 23.0
275 , 23.0
276 , 24.0
277 , 23.0
278 , 23.0
279 , 23.0
280 , 24.0
281 , 24.0
282 , 24.0
283 , 24.0
284 , 25.0
285 , 23.0
286 , 23.0
287 , 25.0
288 , 24.0
289 , 23.0
290 , 23.0
291 , 23.0
292 , 24.0
293 , 24.0
294 , 25.0
295 , 23.0
296 , 24.0
297 , 23.0
298 , 23.0
299 , 24.0
300 , 23.0
301 , 25.0
302 , 24.0
303 , 23.0
304 , 23.0
305 , 23.0
306 , 23.0
307 , 23.0
308 , 23.0
309 , 23.0
310 , 23.0
311 , 23.0
312 , 23.0
313 , 23.0
314 , 24.0
315 , 24.0
316 , 23.0
317 , 24.0
318 , 24.0
319 , 24.0
320 , 23.0
321 , 23.0
322 , 24.0
323 , 24.0
324 , 23.0
325 , 23.0
326 , 24.0
327 , 23.0
328 , 23.0
329 , 23.0
330 , 23.0
331 , 24.0
332 , 23.0
333 , 24.0
334 , 24.0
335 , 24.0
336 , 23.0
337 , 23.0
338 , 23.0
339 , 23.0
340 , 24.0
341 , 23.0
342 , 24.0
343 , 24.0
344 , 24.0
345 , 23.0
346 , 23.0
347 , 23.0
348 , 24.0
349 , 23.0
350 , 23.0
351 , 23.0
352 , 23.0
353 , 25.0
354 , 24.0
355 , 23.0
356 , 23.0
357 , 23.0
358 , 25.0
359 , 23.0
360 , 23.0
361 , 24.0
362 , 24.0
363 , 24.0
364 , 23.0
365 , 23.0
366 , 23.0
367 , 24.0
368 , 23.0
369 , 23.0
370 , 23.0
371 , 23.0
372 , 23.0
373 , 23.0
374 , 23.0
375 , 23.0
376 , 23.0
377 , 23.0
378 , 23.0
379 , 23.0
380 , 23.0
381 , 24.0
382 , 23.0
383 , 23.0
384 , 24.0
385 , 23.0
386 , 23.0
387 , 23.0
388 , 24.0
389 , 23.0
390 , 24.0
391 , 23.0
392 , 23.0
393 , 24.0
394 , 23.0
395 , 25.0
396 , 25.0
397 , 24.0
398 , 23.0
399 , 23.0
400 , 23.0
401 , 23.0
402 , 23.0
403 , 23.0
404 , 23.0
405 , 23.0
406 , 24.0
407 , 23.0
408 , 23.0
409 , 23.0
410 , 24.0
411 , 23.0
412 , 23.0
413 , 23.0
414 , 23.0
415 , 23.0
416 , 23.0
417 , 23.0
418 , 23.0
419 , 23.0
420 , 23.0
421 , 24.0
422 , 23.0
423 , 23.0
424 , 23.0
425 , 23.0
426 , 23.0
427 , 23.0
428 , 23.0
429 , 24.0
430 , 23.0
431 , 23.0
432 , 23.0
433 , 23.0
434 , 23.0
435 , 23.0
436 , 23.0
437 , 23.0
438 , 23.0
439 , 23.0
440 , 24.0
441 , 23.0
442 , 23.0
443 , 23.0
444 , 23.0
445 , 23.0
446 , 23.0
447 , 23.0
448 , 23.0
449 , 23.0
450 , 23.0
451 , 23.0
452 , 23.0
453 , 23.0
454 , 23.0
455 , 23.0
456 , 23.0
457 , 23.0
458 , 23.0
459 , 23.0
460 , 23.0
461 , 23.0
462 , 23.0
463 , 23.0
464 , 23.0
465 , 23.0
466 , 23.0
467 , 23.0
468 , 23.0
469 , 23.0
470 , 23.0
471 , 23.0
472 , 23.0
473 , 23.0
474 , 23.0
475 , 23.0
476 , 23.0
477 , 23.0
478 , 23.0
479 , 23.0
480 , 23.0
481 , 23.0
482 , 23.0
483 , 23.0
484 , 23.0
485 , 23.0
486 , 23.0
487 , 23.0
488 , 23.0
489 , 23.0
490 , 23.0
491 , 23.0
492 , 23.0
493 , 23.0
494 , 23.0
495 , 23.0
496 , 23.0
497 , 23.0
498 , 23.0
499 , 23.0
500 , 23.0
501 , 23.0
502 , 23.0
503 , 23.0
504 , 23.0
505 , 23.0
506 , 23.0
507 , 23.0
508 , 23.0
509 , 23.0
510 , 23.0
511 , 23.0
512 , 23.0
513 , 23.0
514 , 23.0
515 , 23.0
516 , 23.0
517 , 23.0
518 , 23.0
519 , 23.0
520 , 23.0
521 , 23.0
522 , 23.0
523 , 23.0
524 , 23.0
525 , 23.0
526 , 23.0
527 , 23.0
528 , 23.0
529 , 23.0
530 , 23.0
531 , 23.0
532 , 23.0
533 , 23.0
534 , 23.0
535 , 23.0
536 , 23.0
537 , 23.0
538 , 23.0
539 , 23.0
540 , 23.0
541 , 23.0
542 , 23.0
543 , 23.0
544 , 23.0
545 , 23.0
546 , 23.0
547 , 23.0
548 , 23.0
549 , 23.0
550 , 23.0
551 , 23.0
552 , 23.0
553 , 23.0
554 , 23.0
555 , 23.0
556 , 23.0
557 , 23.0
558 , 23.0
559 , 23.0
560 , 23.0
561 , 23.0
562 , 23.0
563 , 23.0
564 , 23.0
565 , 23.0
566 , 23.0
567 , 23.0
568 , 23.0
569 , 23.0
570 , 23.0
571 , 23.0
572 , 23.0
573 , 23.0
574 , 23.0
575 , 23.0
576 , 23.0
577 , 23.0
578 , 23.0
579 , 23.0
580 , 23.0
581 , 23.0
582 , 23.0
583 , 23.0
584 , 23.0
585 , 23.0
586 , 23.0
587 , 23.0
588 , 23.0
589 , 23.0
590 , 23.0
591 , 23.0
592 , 23.0
593 , 23.0
594 , 23.0
595 , 23.0
596 , 23.0
597 , 23.0
598 , 23.0
599 , 23.0
600 , 23.0
601 , 23.0
602 , 23.0
603 , 23.0
604 , 23.0
605 , 23.0
606 , 23.0
607 , 23.0
608 , 23.0
609 , 23.0
610 , 23.0
611 , 23.0
612 , 23.0
613 , 23.0
614 , 23.0
615 , 23.0
616 , 23.0
617 , 23.0
618 , 23.0
619 , 23.0
620 , 23.0
621 , 23.0
622 , 23.0
623 , 23.0
624 , 23.0
625 , 23.0
626 , 23.0
627 , 23.0
628 , 23.0
629 , 23.0
630 , 23.0
631 , 23.0
632 , 23.0
633 , 23.0
634 , 23.0
635 , 23.0
636 , 23.0
637 , 23.0
638 , 23.0
639 , 23.0
640 , 23.0
641 , 23.0
642 , 23.0
643 , 23.0
644 , 23.0
645 , 23.0
646 , 23.0
647 , 23.0
648 , 23.0
649 , 23.0
650 , 23.0
651 , 23.0
652 , 23.0
653 , 23.0
654 , 23.0
655 , 23.0
656 , 23.0
657 , 23.0
658 , 23.0
659 , 23.0
660 , 23.0
661 , 23.0
662 , 23.0
663 , 23.0
664 , 23.0
665 , 23.0
666 , 23.0
667 , 23.0
668 , 23.0
669 , 23.0
670 , 23.0
671 , 23.0
672 , 23.0
673 , 23.0
674 , 23.0
675 , 23.0
676 , 23.0
677 , 23.0
678 , 23.0
679 , 23.0
680 , 23.0
681 , 23.0
682 , 23.0
683 , 23.0
684 , 23.0
685 , 23.0
686 , 23.0
687 , 23.0
688 , 23.0
689 , 23.0
690 , 23.0
691 , 23.0
692 , 23.0
693 , 23.0
694 , 23.0
695 , 23.0
696 , 23.0
697 , 23.0
698 , 23.0
699 , 23.0
700 , 23.0
701 , 23.0
702 , 23.0
703 , 23.0
704 , 23.0
705 , 23.0
706 , 23.0
707 , 23.0
708 , 23.0
709 , 23.0
710 , 23.0
711 , 23.0
712 , 23.0
713 , 23.0
714 , 23.0
715 , 23.0
716 , 23.0
717 , 23.0
718 , 23.0
719 , 23.0
720 , 23.0
721 , 23.0
722 , 23.0
723 , 23.0
724 , 23.0
725 , 23.0
726 , 23.0
727 , 23.0
728 , 23.0
729 , 23.0
730 , 23.0
731 , 23.0
732 , 23.0
733 , 23.0
734 , 23.0
735 , 23.0
736 , 23.0
737 , 23.0
738 , 23.0
739 , 23.0
740 , 23.0
741 , 23.0
742 , 23.0
743 , 23.0
744 , 23.0
745 , 23.0
746 , 23.0
747 , 23.0
748 , 23.0
749 , 23.0
750 , 23.0
751 , 23.0
752 , 23.0
753 , 23.0
754 , 23.0
755 , 23.0
756 , 23.0
757 , 23.0
758 , 23.0
759 , 23.0
760 , 23.0
761 , 23.0
762 , 23.0
763 , 23.0
764 , 23.0
765 , 23.0
766 , 23.0
767 , 23.0
768 , 23.0
769 , 23.0
770 , 23.0
771 , 23.0
772 , 23.0
773 , 23.0
774 , 23.0
775 , 23.0
776 , 23.0
777 , 23.0
778 , 23.0
779 , 23.0
780 , 23.0
781 , 23.0
782 , 23.0
783 , 23.0
784 , 23.0
785 , 23.0
786 , 23.0
787 , 23.0
788 , 23.0
789 , 23.0
790 , 23.0
791 , 23.0
792 , 23.0
793 , 23.0
794 , 23.0
795 , 23.0
796 , 23.0
797 , 23.0
798 , 23.0
799 , 23.0
800 , 23.0
801 , 23.0
802 , 23.0
803 , 23.0
804 , 23.0
805 , 23.0
806 , 23.0
807 , 23.0
808 , 23.0
809 , 23.0
810 , 23.0
811 , 23.0
812 , 23.0
813 , 23.0
814 , 23.0
815 , 23.0
816 , 23.0
817 , 23.0
818 , 23.0
819 , 23.0
820 , 23.0
821 , 23.0
822 , 23.0
823 , 23.0
824 , 23.0
825 , 23.0
826 , 23.0
827 , 23.0
828 , 23.0
829 , 23.0
830 , 23.0
831 , 23.0
832 , 23.0
833 , 23.0
834 , 23.0
835 , 23.0
836 , 23.0
837 , 23.0
838 , 23.0
839 , 23.0
840 , 23.0
841 , 23.0
842 , 23.0
843 , 23.0
844 , 23.0
845 , 23.0
846 , 23.0
847 , 23.0
848 , 23.0
849 , 23.0
850 , 23.0
851 , 23.0
852 , 23.0
853 , 23.0
854 , 23.0
855 , 23.0
856 , 23.0
857 , 23.0
858 , 23.0
859 , 23.0
860 , 23.0
861 , 23.0
862 , 23.0
863 , 23.0
864 , 23.0
865 , 23.0
866 , 23.0
867 , 23.0
868 , 23.0
869 , 23.0
870 , 23.0
871 , 23.0
872 , 23.0
873 , 23.0
874 , 23.0
875 , 23.0
876 , 23.0
877 , 23.0
878 , 23.0
879 , 23.0
880 , 23.0
881 , 23.0
882 , 23.0
883 , 23.0
884 , 23.0
885 , 23.0
886 , 23.0
887 , 23.0
888 , 23.0
889 , 23.0
890 , 23.0
891 , 23.0
892 , 23.0
893 , 23.0
894 , 23.0
895 , 23.0
896 , 23.0
897 , 23.0
898 , 23.0
899 , 23.0
900 , 23.0
901 , 23.0
902 , 23.0
903 , 23.0
904 , 23.0
905 , 23.0
906 , 23.0
907 , 23.0
908 , 23.0
909 , 23.0
910 , 23.0
911 , 23.0
912 , 23.0
913 , 23.0
914 , 23.0
915 , 23.0
916 , 23.0
917 , 23.0
918 , 23.0
919 , 23.0
920 , 23.0
921 , 23.0
922 , 23.0
923 , 23.0
924 , 23.0
925 , 23.0
926 , 23.0
927 , 23.0
928 , 23.0
929 , 23.0
930 , 23.0
931 , 23.0
932 , 23.0
933 , 23.0
934 , 23.0
935 , 23.0
936 , 23.0
937 , 23.0
938 , 23.0
939 , 23.0
940 , 23.0
941 , 23.0
942 , 23.0
943 , 23.0
944 , 23.0
945 , 23.0
946 , 23.0
947 , 23.0
948 , 23.0
949 , 23.0
950 , 23.0
951 , 23.0
952 , 23.0
953 , 23.0
954 , 23.0
955 , 23.0
956 , 23.0
957 , 23.0
958 , 23.0
959 , 23.0
960 , 23.0
961 , 23.0
962 , 23.0
963 , 23.0
964 , 23.0
965 , 23.0
966 , 23.0
967 , 23.0
968 , 23.0
969 , 23.0
970 , 23.0
971 , 23.0
972 , 23.0
973 , 23.0
974 , 23.0
975 , 23.0
976 , 23.0
977 , 23.0
978 , 23.0
979 , 23.0
980 , 23.0
981 , 23.0
982 , 23.0
983 , 23.0
984 , 23.0
985 , 23.0
986 , 23.0
987 , 23.0
988 , 23.0
989 , 23.0
990 , 23.0
991 , 23.0
992 , 23.0
993 , 23.0
994 , 23.0
995 , 23.0
996 , 23.0
997 , 23.0
998 , 23.0
999 , 23.0
1000 , 23.0
1001 , 23.0
1002 , 23.0
1003 , 23.0
1004 , 23.0
1005 , 23.0
1006 , 23.0
1007 , 23.0
1008 , 23.0
1009 , 23.0
1010 , 23.0
1011 , 23.0
1012 , 23.0
1013 , 23.0
1014 , 23.0
1015 , 23.0
1016 , 23.0
1017 , 23.0
1018 , 23.0
1019 , 23.0
1020 , 23.0
1021 , 23.0
1022 , 23.0
1023 , 23.0
1024 , 23.0
1025 , 23.0
1026 , 23.0
1027 , 23.0
1028 , 23.0
1029 , 23.0
1030 , 23.0
1031 , 23.0
1032 , 23.0
1033 , 23.0
1034 , 23.0
1035 , 23.0
1036 , 23.0
1037 , 23.0
1038 , 23.0
1039 , 23.0
1040 , 23.0
1041 , 23.0
1042 , 23.0
1043 , 23.0
1044 , 23.0
1045 , 23.0
1046 , 23.0
1047 , 23.0
1048 , 23.0
1049 , 23.0
1050 , 23.0
1051 , 23.0
1052 , 23.0
1053 , 23.0
1054 , 23.0
1055 , 23.0
1056 , 23.0
1057 , 23.0
1058 , 23.0
1059 , 23.0
1060 , 23.0
1061 , 23.0
1062 , 23.0
1063 , 23.0
1064 , 23.0
1065 , 23.0
1066 , 23.0
1067 , 23.0
1068 , 23.0
1069 , 23.0
1070 , 23.0
1071 , 23.0
1072 , 23.0
1073 , 23.0
1074 , 23.0
1075 , 23.0
1076 , 23.0
1077 , 23.0
1078 , 23.0
1079 , 23.0
1080 , 23.0
1081 , 23.0
1082 , 23.0
1083 , 23.0
1084 , 23.0
1085 , 23.0
1086 , 23.0
1087 , 23.0
1088 , 23.0
1089 , 23.0
1090 , 23.0
1091 , 23.0
1092 , 23.0
1093 , 23.0
1094 , 23.0
1095 , 23.0
1096 , 23.0
1097 , 23.0
1098 , 23.0
1099 , 23.0
1100 , 23.0
1101 , 23.0
1102 , 23.0
1103 , 23.0
1104 , 23.0
1105 , 23.0
1106 , 23.0
1107 , 23.0
1108 , 23.0
1109 , 23.0
1110 , 23.0
1111 , 23.0
1112 , 23.0
1113 , 23.0
1114 , 23.0
1115 , 23.0
1116 , 23.0
1117 , 23.0
1118 , 23.0
1119 , 23.0
1120 , 23.0
1121 , 23.0
1122 , 23.0
1123 , 23.0
1124 , 23.0
1125 , 23.0
1126 , 23.0
1127 , 23.0
1128 , 23.0
1129 , 23.0
1130 , 23.0
1131 , 23.0
1132 , 23.0
1133 , 23.0
1134 , 23.0
1135 , 23.0
1136 , 23.0
1137 , 23.0
1138 , 23.0
1139 , 23.0
1140 , 23.0
1141 , 23.0
1142 , 23.0
1143 , 23.0
1144 , 23.0
1145 , 23.0
1146 , 23.0
1147 , 23.0
1148 , 23.0
1149 , 23.0
1150 , 23.0
1151 , 23.0
1152 , 23.0
1153 , 23.0
1154 , 23.0
1155 , 23.0
1156 , 23.0
1157 , 23.0
1158 , 23.0
1159 , 23.0
1160 , 23.0
1161 , 23.0
1162 , 23.0
1163 , 23.0
1164 , 23.0
1165 , 23.0
1166 , 23.0
1167 , 23.0
1168 , 23.0
1169 , 23.0
1170 , 23.0
1171 , 23.0
1172 , 23.0
1173 , 23.0
1174 , 23.0
1175 , 23.0
1176 , 23.0
1177 , 23.0
1178 , 23.0
1179 , 23.0
1180 , 23.0
1181 , 23.0
1182 , 23.0
1183 , 23.0
1184 , 23.0
1185 , 23.0
1186 , 23.0
1187 , 23.0
1188 , 23.0
1189 , 23.0
1190 , 23.0
1191 , 23.0
1192 , 23.0
1193 , 23.0
1194 , 23.0
1195 , 23.0
1196 , 23.0
1197 , 23.0
1198 , 23.0
1199 , 23.0
1200 , 23.0
1201 , 23.0
1202 , 23.0
1203 , 23.0
1204 , 23.0
1205 , 23.0
1206 , 23.0
1207 , 23.0
1208 , 23.0
1209 , 23.0
1210 , 23.0
1211 , 23.0
1212 , 23.0
1213 , 23.0
1214 , 23.0
1215 , 23.0
1216 , 23.0
1217 , 23.0
1218 , 23.0
1219 , 23.0
1220 , 23.0
1221 , 23.0
1222 , 23.0
1223 , 23.0
1224 , 23.0
1225 , 23.0
1226 , 23.0
1227 , 23.0
1228 , 23.0
1229 , 23.0
1230 , 23.0
1231 , 23.0
1232 , 23.0
1233 , 23.0
1234 , 23.0
1235 , 23.0
1236 , 23.0
1237 , 23.0
1238 , 23.0
1239 , 23.0
1240 , 23.0
1241 , 23.0
1242 , 23.0
1243 , 23.0
1244 , 23.0
1245 , 23.0
1246 , 23.0
1247 , 23.0
1248 , 23.0
1249 , 23.0
1250 , 23.0
1251 , 23.0
1252 , 23.0
1253 , 23.0
1254 , 23.0
1255 , 23.0
1256 , 23.0
1257 , 23.0
1258 , 23.0
1259 , 23.0
1260 , 23.0
1261 , 23.0
1262 , 23.0
1263 , 23.0
1264 , 23.0
1265 , 23.0
1266 , 23.0
1267 , 23.0
1268 , 23.0
1269 , 23.0
1270 , 23.0
1271 , 23.0
1272 , 23.0
1273 , 23.0
1274 , 23.0
1275 , 23.0
1276 , 23.0
1277 , 23.0
1278 , 23.0
1279 , 23.0
1280 , 23.0
1281 , 23.0
1282 , 23.0
1283 , 23.0
1284 , 23.0
1285 , 23.0
1286 , 23.0
1287 , 23.0
1288 , 23.0
1289 , 23.0
1290 , 23.0
1291 , 23.0
1292 , 23.0
1293 , 23.0
1294 , 23.0
1295 , 23.0
1296 , 23.0
1297 , 23.0
1298 , 23.0
1299 , 23.0
1300 , 23.0
1301 , 23.0
1302 , 23.0
1303 , 23.0
1304 , 23.0
1305 , 23.0
1306 , 23.0
1307 , 23.0
1308 , 23.0
1309 , 23.0
1310 , 23.0
1311 , 23.0
1312 , 23.0
1313 , 23.0
1314 , 23.0
1315 , 23.0
1316 , 23.0
1317 , 23.0
1318 , 23.0
1319 , 23.0
1320 , 23.0
1321 , 23.0
1322 , 23.0
1323 , 23.0
1324 , 23.0
1325 , 23.0
1326 , 23.0
1327 , 23.0
1328 , 23.0
1329 , 23.0
1330 , 23.0
1331 , 23.0
1332 , 23.0
1333 , 23.0
1334 , 23.0
1335 , 23.0
1336 , 23.0
1337 , 23.0
1338 , 23.0
1339 , 23.0
1340 , 23.0
1341 , 23.0
1342 , 23.0
1343 , 23.0
1344 , 23.0
1345 , 23.0
1346 , 23.0
1347 , 23.0
1348 , 23.0
1349 , 23.0
1350 , 23.0
1351 , 23.0
1352 , 23.0
1353 , 23.0
1354 , 23.0
1355 , 23.0
1356 , 23.0
1357 , 23.0
1358 , 23.0
1359 , 23.0
1360 , 23.0
1361 , 23.0
1362 , 23.0
1363 , 23.0
1364 , 23.0
1365 , 23.0
1366 , 23.0
1367 , 23.0
1368 , 23.0
1369 , 23.0
1370 , 23.0
1371 , 23.0
1372 , 23.0
1373 , 23.0
1374 , 23.0
1375 , 23.0
1376 , 23.0
1377 , 23.0
1378 , 23.0
1379 , 23.0
1380 , 23.0
1381 , 23.0
1382 , 23.0
1383 , 23.0
1384 , 23.0
1385 , 23.0
1386 , 23.0
1387 , 23.0
1388 , 23.0
1389 , 23.0
1390 , 23.0
1391 , 23.0
1392 , 23.0
1393 , 23.0
1394 , 23.0
1395 , 23.0
1396 , 23.0
1397 , 23.0
1398 , 23.0
1399 , 23.0
1400 , 23.0
1401 , 23.0
1402 , 23.0
1403 , 23.0
1404 , 23.0
1405 , 23.0
1406 , 23.0
1407 , 23.0
1408 , 23.0
1409 , 23.0
1410 , 23.0
1411 , 23.0
1412 , 23.0
1413 , 23.0
1414 , 23.0
1415 , 23.0
1416 , 23.0
1417 , 23.0
1418 , 23.0
1419 , 23.0
1420 , 23.0
1421 , 23.0
1422 , 23.0
1423 , 23.0
1424 , 23.0
1425 , 23.0
1426 , 23.0
1427 , 23.0
1428 , 23.0
1429 , 23.0
1430 , 23.0
1431 , 23.0
1432 , 23.0
1433 , 23.0
1434 , 23.0
1435 , 23.0
1436 , 23.0
1437 , 23.0
1438 , 23.0
1439 , 23.0
1440 , 23.0
1441 , 23.0
1442 , 23.0
1443 , 23.0
1444 , 23.0
1445 , 23.0
1446 , 23.0
1447 , 23.0
1448 , 23.0
1449 , 23.0
1450 , 23.0
1451 , 23.0
1452 , 23.0
1453 , 23.0
1454 , 23.0
1455 , 23.0
1456 , 23.0
1457 , 23.0
1458 , 23.0
1459 , 23.0
1460 , 23.0
1461 , 23.0
1462 , 23.0
1463 , 23.0
1464 , 23.0
1465 , 23.0
1466 , 23.0
1467 , 23.0
1468 , 23.0
1469 , 23.0
1470 , 23.0
1471 , 23.0
1472 , 23.0
1473 , 23.0
1474 , 23.0
1475 , 23.0
1476 , 23.0
1477 , 23.0
1478 , 23.0
1479 , 23.0
1480 , 23.0
1481 , 23.0
1482 , 23.0
1483 , 23.0
1484 , 23.0
1485 , 23.0
1486 , 23.0
1487 , 23.0
1488 , 23.0
1489 , 23.0
1490 , 23.0
1491 , 23.0
1492 , 23.0
1493 , 23.0
1494 , 23.0
1495 , 23.0
1496 , 23.0
1497 , 23.0
1498 , 23.0
1499 , 23.0
1500 , 23.0
1501 , 23.0
1502 , 23.0
1503 , 23.0
1504 , 23.0
1505 , 23.0
1506 , 23.0
1507 , 23.0
1508 , 23.0
1509 , 23.0
1510 , 23.0
1511 , 23.0
1512 , 23.0
1513 , 23.0
1514 , 23.0
1515 , 23.0
1516 , 23.0
1517 , 23.0
1518 , 23.0
1519 , 23.0
1520 , 23.0
1521 , 23.0
1522 , 23.0
1523 , 23.0
1524 , 23.0
1525 , 23.0
1526 , 23.0
1527 , 23.0
1528 , 23.0
1529 , 23.0
1530 , 23.0
1531 , 23.0
1532 , 23.0
1533 , 23.0
1534 , 23.0
1535 , 23.0
1536 , 23.0
1537 , 23.0
1538 , 23.0
1539 , 23.0
1540 , 23.0
1541 , 23.0
1542 , 23.0
1543 , 23.0
1544 , 23.0
1545 , 23.0
1546 , 23.0
1547 , 23.0
1548 , 23.0
1549 , 23.0
1550 , 23.0
1551 , 23.0
1552 , 23.0
1553 , 23.0
1554 , 23.0
1555 , 23.0
1556 , 23.0
1557 , 23.0
1558 , 23.0
1559 , 23.0
1560 , 23.0
1561 , 23.0
1562 , 23.0
1563 , 23.0
1564 , 23.0
1565 , 23.0
1566 , 23.0
1567 , 23.0
1568 , 23.0
1569 , 23.0
1570 , 23.0
1571 , 23.0
1572 , 23.0
1573 , 23.0
1574 , 23.0
1575 , 23.0
1576 , 23.0
1577 , 23.0
1578 , 23.0
1579 , 23.0
1580 , 23.0
1581 , 23.0
1582 , 23.0
1583 , 23.0
1584 , 23.0
1585 , 23.0
1586 , 23.0
1587 , 23.0
1588 , 23.0
1589 , 23.0
1590 , 23.0
1591 , 23.0
1592 , 23.0
1593 , 23.0
1594 , 23.0
1595 , 23.0
1596 , 23.0
1597 , 23.0
1598 , 23.0
1599 , 23.0
1600 , 23.0
1601 , 23.0
1602 , 23.0
1603 , 23.0
1604 , 23.0
1605 , 23.0
1606 , 23.0
1607 , 23.0
1608 , 23.0
1609 , 23.0
1610 , 23.0
1611 , 23.0
1612 , 23.0
1613 , 23.0
1614 , 23.0
1615 , 23.0
1616 , 23.0
1617 , 23.0
1618 , 23.0
1619 , 23.0
1620 , 23.0
1621 , 23.0
1622 , 23.0
1623 , 23.0
1624 , 23.0
1625 , 23.0
1626 , 23.0
1627 , 23.0
1628 , 23.0
1629 , 23.0
1630 , 23.0
1631 , 23.0
1632 , 23.0
1633 , 23.0
1634 , 23.0
1635 , 23.0
1636 , 23.0
1637 , 23.0
1638 , 23.0
1639 , 23.0
1640 , 23.0
1641 , 23.0
1642 , 23.0
1643 , 23.0
1644 , 23.0
1645 , 23.0
1646 , 23.0
1647 , 23.0
1648 , 23.0
1649 , 23.0
1650 , 23.0
1651 , 23.0
1652 , 23.0
1653 , 23.0
1654 , 23.0
1655 , 23.0
1656 , 23.0
1657 , 23.0
1658 , 23.0
1659 , 23.0
1660 , 23.0
1661 , 23.0
1662 , 23.0
1663 , 23.0
1664 , 23.0
1665 , 23.0
1666 , 23.0
1667 , 23.0
1668 , 23.0
1669 , 23.0
1670 , 23.0
1671 , 23.0
1672 , 23.0
1673 , 23.0
1674 , 23.0
1675 , 23.0
1676 , 23.0
1677 , 23.0
1678 , 23.0
1679 , 23.0
1680 , 23.0
1681 , 23.0
1682 , 23.0
1683 , 23.0
1684 , 23.0
1685 , 23.0
1686 , 23.0
1687 , 23.0
1688 , 23.0
1689 , 23.0
1690 , 23.0
1691 , 23.0
1692 , 23.0
1693 , 23.0
1694 , 23.0
1695 , 23.0
1696 , 23.0
1697 , 23.0
1698 , 23.0
1699 , 23.0
1700 , 23.0
1701 , 23.0
1702 , 23.0
1703 , 23.0
1704 , 23.0
1705 , 23.0
1706 , 23.0
1707 , 23.0
1708 , 23.0
1709 , 23.0
1710 , 23.0
1711 , 23.0
1712 , 23.0
1713 , 23.0
1714 , 23.0
1715 , 23.0
1716 , 23.0
1717 , 23.0
1718 , 23.0
1719 , 23.0
1720 , 23.0
1721 , 23.0
1722 , 23.0
1723 , 23.0
1724 , 23.0
1725 , 23.0
1726 , 23.0
1727 , 23.0
1728 , 23.0
1729 , 23.0
1730 , 23.0
1731 , 23.0
1732 , 23.0
1733 , 23.0
1734 , 23.0
1735 , 23.0
1736 , 23.0
1737 , 23.0
1738 , 23.0
1739 , 23.0
1740 , 23.0
1741 , 23.0
1742 , 23.0
1743 , 23.0
1744 , 23.0
1745 , 23.0
1746 , 23.0
1747 , 23.0
1748 , 23.0
1749 , 23.0
1750 , 23.0
1751 , 23.0
1752 , 23.0
1753 , 23.0
1754 , 23.0
1755 , 23.0
1756 , 23.0
1757 , 23.0
1758 , 23.0
1759 , 23.0
1760 , 23.0
1761 , 23.0
1762 , 23.0
1763 , 23.0
1764 , 23.0
1765 , 23.0
1766 , 23.0
1767 , 23.0
1768 , 23.0
1769 , 23.0
1770 , 23.0
1771 , 23.0
1772 , 23.0
1773 , 23.0
1774 , 23.0
1775 , 23.0
1776 , 23.0
1777 , 23.0
1778 , 23.0
1779 , 23.0
1780 , 23.0
1781 , 23.0
1782 , 23.0
1783 , 23.0
1784 , 23.0
1785 , 23.0
1786 , 23.0
1787 , 23.0
1788 , 23.0
1789 , 23.0
1790 , 23.0
1791 , 23.0
1792 , 23.0
1793 , 23.0
1794 , 23.0
1795 , 23.0
1796 , 23.0
1797 , 23.0
1798 , 23.0
1799 , 23.0
1800 , 23.0
1801 , 23.0
1802 , 23.0
1803 , 23.0
1804 , 23.0
1805 , 23.0
1806 , 23.0
1807 , 23.0
1808 , 23.0
1809 , 23.0
1810 , 23.0
1811 , 23.0
1812 , 23.0
1813 , 23.0
1814 , 23.0
1815 , 23.0
1816 , 23.0
1817 , 23.0
1818 , 23.0
1819 , 23.0
1820 , 23.0
1821 , 23.0
1822 , 23.0
1823 , 23.0
1824 , 23.0
1825 , 23.0
1826 , 23.0
1827 , 23.0
1828 , 23.0
1829 , 23.0
1830 , 23.0
1831 , 23.0
1832 , 23.0
1833 , 23.0
1834 , 23.0
1835 , 23.0
1836 , 23.0
1837 , 23.0
1838 , 23.0
1839 , 23.0
1840 , 23.0
1841 , 23.0
1842 , 23.0
1843 , 23.0
1844 , 23.0
1845 , 23.0
1846 , 23.0
1847 , 23.0
1848 , 23.0
1849 , 23.0
1850 , 23.0
1851 , 23.0
1852 , 23.0
1853 , 23.0
1854 , 23.0
1855 , 23.0
1856 , 23.0
1857 , 23.0
1858 , 23.0
1859 , 23.0
1860 , 23.0
1861 , 23.0
1862 , 23.0
1863 , 23.0
1864 , 23.0
1865 , 23.0
1866 , 23.0
1867 , 23.0
1868 , 23.0
1869 , 23.0
1870 , 23.0
1871 , 23.0
1872 , 23.0
1873 , 23.0
1874 , 23.0
1875 , 23.0
1876 , 23.0
1877 , 23.0
1878 , 23.0
1879 , 23.0
1880 , 23.0
1881 , 23.0
1882 , 23.0
1883 , 23.0
1884 , 23.0
1885 , 23.0
1886 , 23.0
1887 , 23.0
1888 , 23.0
1889 , 23.0
1890 , 23.0
1891 , 23.0
1892 , 23.0
1893 , 23.0
1894 , 23.0
1895 , 23.0
1896 , 23.0
1897 , 23.0
1898 , 23.0
1899 , 23.0
1900 , 23.0
1901 , 23.0
1902 , 23.0
1903 , 23.0
1904 , 23.0
1905 , 23.0
1906 , 23.0
1907 , 23.0
1908 , 23.0
1909 , 23.0
1910 , 23.0
1911 , 23.0
1912 , 23.0
1913 , 23.0
1914 , 23.0
1915 , 23.0
1916 , 23.0
1917 , 23.0
1918 , 23.0
1919 , 23.0
1920 , 23.0
1921 , 23.0
1922 , 23.0
1923 , 23.0
1924 , 23.0
1925 , 23.0
1926 , 23.0
1927 , 23.0
1928 , 23.0
1929 , 23.0
1930 , 23.0
1931 , 23.0
1932 , 23.0
1933 , 23.0
1934 , 23.0
1935 , 23.0
1936 , 23.0
1937 , 23.0
1938 , 23.0
1939 , 23.0
1940 , 23.0
1941 , 23.0
1942 , 23.0
1943 , 23.0
1944 , 23.0
1945 , 23.0
1946 , 23.0
1947 , 23.0
1948 , 23.0
1949 , 23.0
1950 , 23.0
1951 , 23.0
1952 , 23.0
1953 , 23.0
1954 , 23.0
1955 , 23.0
1956 , 23.0
1957 , 23.0
1958 , 23.0
1959 , 23.0
1960 , 23.0
1961 , 23.0
1962 , 23.0
1963 , 23.0
1964 , 23.0
1965 , 23.0
1966 , 23.0
1967 , 23.0
1968 , 23.0
1969 , 23.0
1970 , 23.0
1971 , 23.0
1972 , 23.0
1973 , 23.0
1974 , 23.0
1975 , 23.0
1976 , 23.0
1977 , 23.0
1978 , 23.0
1979 , 23.0
1980 , 23.0
1981 , 23.0
1982 , 23.0
1983 , 23.0
1984 , 23.0
1985 , 23.0
1986 , 23.0
1987 , 23.0
1988 , 23.0
1989 , 23.0
1990 , 23.0
1991 , 23.0
1992 , 23.0
1993 , 23.0
1994 , 23.0
1995 , 23.0
1996 , 23.0
1997 , 23.0
1998 , 23.0
1999 , 23.0
2000 , 0.0

max output
SEDAI , run = 0
0 , 49.0
1 , 51.0
2 , 48.0
3 , 51.0
4 , 51.0
5 , 51.0
6 , 48.0
7 , 53.0
8 , 48.0
9 , 46.0
10 , 47.0
11 , 51.0
12 , 45.0
13 , 45.0
14 , 46.0
15 , 48.0
16 , 45.0
17 , 48.0
18 , 52.0
19 , 51.0
20 , 48.0
21 , 48.0
22 , 46.0
23 , 49.0
24 , 49.0
25 , 47.0
26 , 49.0
27 , 47.0
28 , 45.0
29 , 45.0
30 , 46.0
31 , 44.0
32 , 46.0
33 , 49.0
34 , 47.0
35 , 48.0
36 , 47.0
37 , 45.0
38 , 46.0
39 , 48.0
40 , 48.0
41 , 47.0
42 , 46.0
43 , 48.0
44 , 49.0
45 , 45.0
46 , 45.0
47 , 45.0
48 , 47.0
49 , 50.0
50 , 49.0
51 , 41.0
52 , 45.0
53 , 44.0
54 , 43.0
55 , 45.0
56 , 45.0
57 , 47.0
58 , 47.0
59 , 48.0
60 , 47.0
61 , 42.0
62 , 44.0
63 , 48.0
64 , 46.0
65 , 42.0
66 , 42.0
67 , 43.0
68 , 44.0
69 , 45.0
70 , 44.0
71 , 47.0
72 , 42.0
73 , 47.0
74 , 45.0
75 , 43.0
76 , 43.0
77 , 44.0
78 , 43.0
79 , 45.0
80 , 43.0
81 , 42.0
82 , 43.0
83 , 45.0
84 , 43.0
85 , 41.0
86 , 43.0
87 , 41.0
88 , 43.0
89 , 38.0
90 , 41.0
91 , 40.0
92 , 44.0
93 , 47.0
94 , 50.0
95 , 48.0
96 , 45.0
97 , 42.0
98 , 42.0
99 , 44.0
100 , 44.0
101 , 41.0
102 , 44.0
103 , 43.0
104 , 40.0
105 , 40.0
106 , 42.0
107 , 43.0
108 , 44.0
109 , 42.0
110 , 42.0
111 , 46.0
112 , 41.0
113 , 43.0
114 , 40.0
115 , 41.0
116 , 52.0
117 , 42.0
118 , 42.0
119 , 41.0
120 , 41.0
121 , 44.0
122 , 40.0
123 , 46.0
124 , 39.0
125 , 41.0
126 , 42.0
127 , 46.0
128 , 43.0
129 , 40.0
130 , 41.0
131 , 41.0
132 , 40.0
133 , 42.0
134 , 40.0
135 , 43.0
136 , 42.0
137 , 41.0
138 , 40.0
139 , 40.0
140 , 41.0
141 , 40.0
142 , 40.0
143 , 45.0
144 , 39.0
145 , 40.0
146 , 41.0
147 , 45.0
148 , 41.0
149 , 40.0
150 , 41.0
151 , 41.0
152 , 40.0
153 , 42.0
154 , 41.0
155 , 40.0
156 , 39.0
157 , 43.0
158 , 40.0
159 , 43.0
160 , 38.0
161 , 40.0
162 , 42.0
163 , 45.0
164 , 41.0
165 , 40.0
166 , 40.0
167 , 40.0
168 , 39.0
169 , 42.0
170 , 40.0
171 , 39.0
172 , 44.0
173 , 38.0
174 , 38.0
175 , 38.0
176 , 39.0
177 , 39.0
178 , 38.0
179 , 39.0
180 , 47.0
181 , 37.0
182 , 39.0
183 , 37.0
184 , 38.0
185 , 38.0
186 , 39.0
187 , 38.0
188 , 36.0
189 , 40.0
190 , 36.0
191 , 36.0
192 , 36.0
193 , 39.0
194 , 38.0
195 , 37.0
196 , 43.0
197 , 37.0
198 , 39.0
199 , 41.0
200 , 38.0
201 , 36.0
202 , 38.0
203 , 39.0
204 , 40.0
205 , 38.0
206 , 39.0
207 , 41.0
208 , 35.0
209 , 37.0
210 , 35.0
211 , 38.0
212 , 35.0
213 , 38.0
214 , 37.0
215 , 40.0
216 , 39.0
217 , 36.0
218 , 35.0
219 , 39.0
220 , 35.0
221 , 40.0
222 , 39.0
223 , 35.0
224 , 37.0
225 , 34.0
226 , 38.0
227 , 38.0
228 , 39.0
229 , 35.0
230 , 37.0
231 , 37.0
232 , 41.0
233 , 36.0
234 , 37.0
235 , 36.0
236 , 37.0
237 , 37.0
238 , 35.0
239 , 36.0
240 , 38.0
241 , 36.0
242 , 36.0
243 , 38.0
244 , 35.0
245 , 34.0
246 , 36.0
247 , 38.0
248 , 36.0
249 , 39.0
250 , 37.0
251 , 36.0
252 , 39.0
253 , 36.0
254 , 35.0
255 , 34.0
256 , 35.0
257 , 35.0
258 , 34.0
259 , 37.0
260 , 37.0
261 , 36.0
262 , 34.0
263 , 35.0
264 , 34.0
265 , 35.0
266 , 40.0
267 , 38.0
268 , 35.0
269 , 37.0
270 , 38.0
271 , 36.0
272 , 35.0
273 , 33.0
274 , 35.0
275 , 36.0
276 , 34.0
277 , 36.0
278 , 35.0
279 , 33.0
280 , 35.0
281 , 36.0
282 , 38.0
283 , 37.0
284 , 36.0
285 , 36.0
286 , 34.0
287 , 39.0
288 , 36.0
289 , 37.0
290 , 37.0
291 , 36.0
292 , 37.0
293 , 37.0
294 , 37.0
295 , 36.0
296 , 36.0
297 , 36.0
298 , 35.0
299 , 36.0
300 , 38.0
301 , 37.0
302 , 33.0
303 , 36.0
304 , 35.0
305 , 38.0
306 , 36.0
307 , 35.0
308 , 36.0
309 , 36.0
310 , 34.0
311 , 33.0
312 , 36.0
313 , 37.0
314 , 34.0
315 , 34.0
316 , 36.0
317 , 34.0
318 , 35.0
319 , 35.0
320 , 35.0
321 , 33.0
322 , 34.0
323 , 35.0
324 , 34.0
325 , 34.0
326 , 36.0
327 , 33.0
328 , 32.0
329 , 35.0
330 , 34.0
331 , 34.0
332 , 35.0
333 , 34.0
334 , 36.0
335 , 34.0
336 , 35.0
337 , 35.0
338 , 34.0
339 , 36.0
340 , 35.0
341 , 36.0
342 , 37.0
343 , 35.0
344 , 36.0
345 , 33.0
346 , 34.0
347 , 35.0
348 , 33.0
349 , 35.0
350 , 33.0
351 , 33.0
352 , 35.0
353 , 35.0
354 , 33.0
355 , 35.0
356 , 33.0
357 , 35.0
358 , 34.0
359 , 33.0
360 , 35.0
361 , 36.0
362 , 35.0
363 , 35.0
364 , 35.0
365 , 34.0
366 , 33.0
367 , 36.0
368 , 35.0
369 , 34.0
370 , 33.0
371 , 33.0
372 , 34.0
373 , 35.0
374 , 34.0
375 , 36.0
376 , 36.0
377 , 37.0
378 , 34.0
379 , 36.0
380 , 37.0
381 , 36.0
382 , 34.0
383 , 36.0
384 , 33.0
385 , 34.0
386 , 35.0
387 , 34.0
388 , 32.0
389 , 34.0
390 , 35.0
391 , 35.0
392 , 33.0
393 , 37.0
394 , 34.0
395 , 36.0
396 , 38.0
397 , 31.0
398 , 36.0
399 , 37.0
400 , 36.0
401 , 32.0
402 , 33.0
403 , 35.0
404 , 34.0
405 , 36.0
406 , 35.0
407 , 32.0
408 , 35.0
409 , 36.0
410 , 36.0
411 , 36.0
412 , 36.0
413 , 34.0
414 , 33.0
415 , 33.0
416 , 34.0
417 , 35.0
418 , 32.0
419 , 34.0
420 , 39.0
421 , 35.0
422 , 34.0
423 , 35.0
424 , 34.0
425 , 32.0
426 , 33.0
427 , 36.0
428 , 34.0
429 , 33.0
430 , 34.0
431 , 33.0
432 , 34.0
433 , 35.0
434 , 33.0
435 , 33.0
436 , 36.0
437 , 34.0
438 , 33.0
439 , 35.0
440 , 31.0
441 , 33.0
442 , 33.0
443 , 36.0
444 , 33.0
445 , 34.0
446 , 34.0
447 , 33.0
448 , 36.0
449 , 38.0
450 , 32.0
451 , 31.0
452 , 34.0
453 , 35.0
454 , 34.0
455 , 32.0
456 , 34.0
457 , 37.0
458 , 34.0
459 , 33.0
460 , 34.0
461 , 36.0
462 , 35.0
463 , 32.0
464 , 34.0
465 , 33.0
466 , 32.0
467 , 33.0
468 , 37.0
469 , 34.0
470 , 34.0
471 , 33.0
472 , 35.0
473 , 35.0
474 , 32.0
475 , 34.0
476 , 32.0
477 , 32.0
478 , 32.0
479 , 32.0
480 , 34.0
481 , 35.0
482 , 33.0
483 , 31.0
484 , 35.0
485 , 31.0
486 , 36.0
487 , 34.0
488 , 36.0
489 , 33.0
490 , 35.0
491 , 32.0
492 , 34.0
493 , 32.0
494 , 32.0
495 , 33.0
496 , 33.0
497 , 34.0
498 , 34.0
499 , 31.0
500 , 35.0
501 , 31.0
502 , 33.0
503 , 32.0
504 , 33.0
505 , 35.0
506 , 34.0
507 , 32.0
508 , 31.0
509 , 36.0
510 , 32.0
511 , 36.0
512 , 36.0
513 , 32.0
514 , 39.0
515 , 33.0
516 , 33.0
517 , 31.0
518 , 32.0
519 , 31.0
520 , 34.0
521 , 33.0
522 , 33.0
523 , 30.0
524 , 32.0
525 , 36.0
526 , 32.0
527 , 32.0
528 , 33.0
529 , 32.0
530 , 31.0
531 , 34.0
532 , 34.0
533 , 35.0
534 , 35.0
535 , 32.0
536 , 36.0
537 , 35.0
538 , 32.0
539 , 33.0
540 , 33.0
541 , 34.0
542 , 34.0
543 , 31.0
544 , 33.0
545 , 31.0
546 , 32.0
547 , 33.0
548 , 31.0
549 , 35.0
550 , 33.0
551 , 34.0
552 , 32.0
553 , 31.0
554 , 30.0
555 , 31.0
556 , 37.0
557 , 31.0
558 , 34.0
559 , 33.0
560 , 33.0
561 , 33.0
562 , 34.0
563 , 35.0
564 , 33.0
565 , 31.0
566 , 32.0
567 , 32.0
568 , 32.0
569 , 34.0
570 , 32.0
571 , 36.0
572 , 32.0
573 , 33.0
574 , 32.0
575 , 33.0
576 , 34.0
577 , 31.0
578 , 32.0
579 , 32.0
580 , 34.0
581 , 33.0
582 , 32.0
583 , 35.0
584 , 34.0
585 , 33.0
586 , 33.0
587 , 33.0
588 , 32.0
589 , 33.0
590 , 31.0
591 , 32.0
592 , 37.0
593 , 33.0
594 , 31.0
595 , 31.0
596 , 30.0
597 , 34.0
598 , 30.0
599 , 32.0
600 , 32.0
601 , 33.0
602 , 32.0
603 , 33.0
604 , 35.0
605 , 33.0
606 , 33.0
607 , 37.0
608 , 33.0
609 , 32.0
610 , 32.0
611 , 32.0
612 , 32.0
613 , 30.0
614 , 34.0
615 , 35.0
616 , 30.0
617 , 32.0
618 , 34.0
619 , 30.0
620 , 32.0
621 , 34.0
622 , 32.0
623 , 32.0
624 , 32.0
625 , 32.0
626 , 31.0
627 , 34.0
628 , 31.0
629 , 34.0
630 , 31.0
631 , 30.0
632 , 31.0
633 , 32.0
634 , 33.0
635 , 32.0
636 , 32.0
637 , 32.0
638 , 30.0
639 , 30.0
640 , 30.0
641 , 31.0
642 , 30.0
643 , 32.0
644 , 31.0
645 , 31.0
646 , 33.0
647 , 33.0
648 , 34.0
649 , 33.0
650 , 35.0
651 , 32.0
652 , 34.0
653 , 33.0
654 , 31.0
655 , 34.0
656 , 30.0
657 , 33.0
658 , 31.0
659 , 30.0
660 , 31.0
661 , 32.0
662 , 32.0
663 , 34.0
664 , 32.0
665 , 31.0
666 , 31.0
667 , 32.0
668 , 34.0
669 , 32.0
670 , 33.0
671 , 33.0
672 , 31.0
673 , 34.0
674 , 32.0
675 , 32.0
676 , 32.0
677 , 32.0
678 , 30.0
679 , 33.0
680 , 30.0
681 , 30.0
682 , 31.0
683 , 31.0
684 , 35.0
685 , 33.0
686 , 31.0
687 , 33.0
688 , 33.0
689 , 32.0
690 , 35.0
691 , 32.0
692 , 31.0
693 , 33.0
694 , 32.0
695 , 32.0
696 , 31.0
697 , 31.0
698 , 31.0
699 , 29.0
700 , 36.0
701 , 31.0
702 , 31.0
703 , 30.0
704 , 30.0
705 , 30.0
706 , 31.0
707 , 31.0
708 , 31.0
709 , 31.0
710 , 30.0
711 , 30.0
712 , 32.0
713 , 32.0
714 , 32.0
715 , 33.0
716 , 30.0
717 , 32.0
718 , 31.0
719 , 30.0
720 , 30.0
721 , 30.0
722 , 32.0
723 , 32.0
724 , 33.0
725 , 31.0
726 , 32.0
727 , 31.0
728 , 33.0
729 , 30.0
730 , 29.0
731 , 30.0
732 , 34.0
733 , 29.0
734 , 31.0
735 , 30.0
736 , 33.0
737 , 31.0
738 , 31.0
739 , 31.0
740 , 33.0
741 , 30.0
742 , 31.0
743 , 31.0
744 , 30.0
745 , 32.0
746 , 31.0
747 , 31.0
748 , 32.0
749 , 32.0
750 , 32.0
751 , 33.0
752 , 30.0
753 , 31.0
754 , 31.0
755 , 30.0
756 , 33.0
757 , 31.0
758 , 32.0
759 , 30.0
760 , 31.0
761 , 31.0
762 , 32.0
763 , 32.0
764 , 32.0
765 , 31.0
766 , 29.0
767 , 29.0
768 , 31.0
769 , 30.0
770 , 31.0
771 , 31.0
772 , 29.0
773 , 31.0
774 , 30.0
775 , 33.0
776 , 30.0
777 , 30.0
778 , 33.0
779 , 31.0
780 , 31.0
781 , 32.0
782 , 30.0
783 , 33.0
784 , 30.0
785 , 30.0
786 , 34.0
787 , 33.0
788 , 31.0
789 , 32.0
790 , 30.0
791 , 30.0
792 , 31.0
793 , 29.0
794 , 28.0
795 , 32.0
796 , 30.0
797 , 28.0
798 , 30.0
799 , 32.0
800 , 32.0
801 , 31.0
802 , 31.0
803 , 30.0
804 , 30.0
805 , 30.0
806 , 30.0
807 , 34.0
808 , 29.0
809 , 30.0
810 , 29.0
811 , 29.0
812 , 30.0
813 , 28.0
814 , 30.0
815 , 30.0
816 , 33.0
817 , 29.0
818 , 30.0
819 , 30.0
820 , 29.0
821 , 29.0
822 , 30.0
823 , 32.0
824 , 34.0
825 , 32.0
826 , 29.0
827 , 30.0
828 , 31.0
829 , 30.0
830 , 29.0
831 , 32.0
832 , 30.0
833 , 31.0
834 , 31.0
835 , 31.0
836 , 32.0
837 , 30.0
838 , 32.0
839 , 29.0
840 , 30.0
841 , 28.0
842 , 29.0
843 , 30.0
844 , 30.0
845 , 31.0
846 , 30.0
847 , 31.0
848 , 31.0
849 , 30.0
850 , 31.0
851 , 30.0
852 , 31.0
853 , 30.0
854 , 29.0
855 , 32.0
856 , 30.0
857 , 30.0
858 , 31.0
859 , 31.0
860 , 30.0
861 , 31.0
862 , 30.0
863 , 29.0
864 , 32.0
865 , 28.0
866 , 31.0
867 , 31.0
868 , 30.0
869 , 31.0
870 , 30.0
871 , 28.0
872 , 28.0
873 , 32.0
874 , 30.0
875 , 29.0
876 , 28.0
877 , 31.0
878 , 30.0
879 , 32.0
880 , 30.0
881 , 28.0
882 , 31.0
883 , 33.0
884 , 29.0
885 , 32.0
886 , 31.0
887 , 31.0
888 , 26.0
889 , 30.0
890 , 29.0
891 , 29.0
892 , 31.0
893 , 31.0
894 , 31.0
895 , 31.0
896 , 30.0
897 , 29.0
898 , 29.0
899 , 30.0
900 , 29.0
901 , 31.0
902 , 28.0
903 , 31.0
904 , 30.0
905 , 29.0
906 , 29.0
907 , 28.0
908 , 33.0
909 , 32.0
910 , 30.0
911 , 31.0
912 , 29.0
913 , 32.0
914 , 29.0
915 , 28.0
916 , 31.0
917 , 31.0
918 , 32.0
919 , 29.0
920 , 28.0
921 , 31.0
922 , 28.0
923 , 31.0
924 , 31.0
925 , 31.0
926 , 32.0
927 , 33.0
928 , 34.0
929 , 28.0
930 , 30.0
931 , 31.0
932 , 29.0
933 , 31.0
934 , 28.0
935 , 30.0
936 , 29.0
937 , 30.0
938 , 32.0
939 , 28.0
940 , 28.0
941 , 30.0
942 , 30.0
943 , 28.0
944 , 32.0
945 , 30.0
946 , 30.0
947 , 29.0
948 , 32.0
949 , 28.0
950 , 30.0
951 , 32.0
952 , 31.0
953 , 31.0
954 , 29.0
955 , 29.0
956 , 30.0
957 , 28.0
958 , 31.0
959 , 30.0
960 , 30.0
961 , 32.0
962 , 30.0
963 , 28.0
964 , 31.0
965 , 31.0
966 , 32.0
967 , 30.0
968 , 32.0
969 , 28.0
970 , 27.0
971 , 31.0
972 , 30.0
973 , 29.0
974 , 28.0
975 , 29.0
976 , 32.0
977 , 29.0
978 , 28.0
979 , 30.0
980 , 29.0
981 , 28.0
982 , 29.0
983 , 30.0
984 , 30.0
985 , 31.0
986 , 31.0
987 , 29.0
988 , 28.0
989 , 29.0
990 , 30.0
991 , 28.0
992 , 29.0
993 , 30.0
994 , 31.0
995 , 30.0
996 , 31.0
997 , 31.0
998 , 30.0
999 , 29.0
1000 , 30.0
1001 , 29.0
1002 , 28.0
1003 , 30.0
1004 , 31.0
1005 , 30.0
1006 , 28.0
1007 , 30.0
1008 , 30.0
1009 , 29.0
1010 , 29.0
1011 , 27.0
1012 , 29.0
1013 , 30.0
1014 , 29.0
1015 , 32.0
1016 , 29.0
1017 , 27.0
1018 , 30.0
1019 , 30.0
1020 , 28.0
1021 , 30.0
1022 , 29.0
1023 , 29.0
1024 , 28.0
1025 , 31.0
1026 , 28.0
1027 , 30.0
1028 , 32.0
1029 , 29.0
1030 , 29.0
1031 , 29.0
1032 , 30.0
1033 , 29.0
1034 , 28.0
1035 , 29.0
1036 , 30.0
1037 , 28.0
1038 , 28.0
1039 , 28.0
1040 , 27.0
1041 , 27.0
1042 , 28.0
1043 , 28.0
1044 , 29.0
1045 , 30.0
1046 , 31.0
1047 , 30.0
1048 , 32.0
1049 , 27.0
1050 , 31.0
1051 , 29.0
1052 , 29.0
1053 , 32.0
1054 , 29.0
1055 , 28.0
1056 , 31.0
1057 , 34.0
1058 , 29.0
1059 , 28.0
1060 , 29.0
1061 , 27.0
1062 , 28.0
1063 , 30.0
1064 , 27.0
1065 , 29.0
1066 , 29.0
1067 , 30.0
1068 , 29.0
1069 , 29.0
1070 , 28.0
1071 , 30.0
1072 , 28.0
1073 , 29.0
1074 , 31.0
1075 , 28.0
1076 , 30.0
1077 , 29.0
1078 , 28.0
1079 , 28.0
1080 , 29.0
1081 , 29.0
1082 , 31.0
1083 , 30.0
1084 , 30.0
1085 , 29.0
1086 , 29.0
1087 , 31.0
1088 , 29.0
1089 , 30.0
1090 , 29.0
1091 , 28.0
1092 , 30.0
1093 , 29.0
1094 , 29.0
1095 , 29.0
1096 , 30.0
1097 , 28.0
1098 , 30.0
1099 , 28.0
1100 , 28.0
1101 , 31.0
1102 , 29.0
1103 , 30.0
1104 , 29.0
1105 , 28.0
1106 , 28.0
1107 , 29.0
1108 , 30.0
1109 , 28.0
1110 , 28.0
1111 , 27.0
1112 , 28.0
1113 , 29.0
1114 , 27.0
1115 , 29.0
1116 , 29.0
1117 , 28.0
1118 , 30.0
1119 , 29.0
1120 , 27.0
1121 , 30.0
1122 , 28.0
1123 , 29.0
1124 , 29.0
1125 , 29.0
1126 , 29.0
1127 , 28.0
1128 , 31.0
1129 , 28.0
1130 , 29.0
1131 , 29.0
1132 , 28.0
1133 , 29.0
1134 , 30.0
1135 , 29.0
1136 , 30.0
1137 , 29.0
1138 , 28.0
1139 , 27.0
1140 , 29.0
1141 , 31.0
1142 , 31.0
1143 , 29.0
1144 , 29.0
1145 , 28.0
1146 , 28.0
1147 , 27.0
1148 , 31.0
1149 , 27.0
1150 , 29.0
1151 , 30.0
1152 , 28.0
1153 , 31.0
1154 , 28.0
1155 , 28.0
1156 , 29.0
1157 , 27.0
1158 , 29.0
1159 , 29.0
1160 , 27.0
1161 , 28.0
1162 , 30.0
1163 , 27.0
1164 , 28.0
1165 , 28.0
1166 , 28.0
1167 , 27.0
1168 , 27.0
1169 , 29.0
1170 , 27.0
1171 , 28.0
1172 , 27.0
1173 , 30.0
1174 , 30.0
1175 , 28.0
1176 , 29.0
1177 , 27.0
1178 , 30.0
1179 , 26.0
1180 , 27.0
1181 , 28.0
1182 , 29.0
1183 , 29.0
1184 , 29.0
1185 , 28.0
1186 , 29.0
1187 , 28.0
1188 , 29.0
1189 , 28.0
1190 , 29.0
1191 , 27.0
1192 , 30.0
1193 , 29.0
1194 , 27.0
1195 , 30.0
1196 , 29.0
1197 , 30.0
1198 , 30.0
1199 , 31.0
1200 , 29.0
1201 , 28.0
1202 , 29.0
1203 , 28.0
1204 , 27.0
1205 , 29.0
1206 , 30.0
1207 , 28.0
1208 , 29.0
1209 , 29.0
1210 , 29.0
1211 , 28.0
1212 , 29.0
1213 , 32.0
1214 , 30.0
1215 , 27.0
1216 , 31.0
1217 , 30.0
1218 , 28.0
1219 , 29.0
1220 , 26.0
1221 , 28.0
1222 , 28.0
1223 , 27.0
1224 , 29.0
1225 , 29.0
1226 , 30.0
1227 , 30.0
1228 , 29.0
1229 , 29.0
1230 , 31.0
1231 , 27.0
1232 , 28.0
1233 , 28.0
1234 , 30.0
1235 , 29.0
1236 , 30.0
1237 , 28.0
1238 , 30.0
1239 , 27.0
1240 , 29.0
1241 , 28.0
1242 , 29.0
1243 , 30.0
1244 , 29.0
1245 , 29.0
1246 , 29.0
1247 , 28.0
1248 , 29.0
1249 , 27.0
1250 , 28.0
1251 , 31.0
1252 , 27.0
1253 , 30.0
1254 , 29.0
1255 , 27.0
1256 , 28.0
1257 , 27.0
1258 , 29.0
1259 , 29.0
1260 , 30.0
1261 , 27.0
1262 , 31.0
1263 , 27.0
1264 , 29.0
1265 , 28.0
1266 , 27.0
1267 , 26.0
1268 , 29.0
1269 , 27.0
1270 , 30.0
1271 , 30.0
1272 , 28.0
1273 , 29.0
1274 , 28.0
1275 , 28.0
1276 , 28.0
1277 , 29.0
1278 , 31.0
1279 , 30.0
1280 , 28.0
1281 , 28.0
1282 , 28.0
1283 , 27.0
1284 , 30.0
1285 , 26.0
1286 , 26.0
1287 , 31.0
1288 , 28.0
1289 , 29.0
1290 , 29.0
1291 , 27.0
1292 , 26.0
1293 , 28.0
1294 , 28.0
1295 , 29.0
1296 , 29.0
1297 , 28.0
1298 , 27.0
1299 , 29.0
1300 , 28.0
1301 , 28.0
1302 , 28.0
1303 , 27.0
1304 , 28.0
1305 , 28.0
1306 , 28.0
1307 , 28.0
1308 , 28.0
1309 , 28.0
1310 , 27.0
1311 , 28.0
1312 , 28.0
1313 , 29.0
1314 , 28.0
1315 , 26.0
1316 , 31.0
1317 , 28.0
1318 , 29.0
1319 , 26.0
1320 , 27.0
1321 , 29.0
1322 , 28.0
1323 , 29.0
1324 , 29.0
1325 , 29.0
1326 , 29.0
1327 , 28.0
1328 , 28.0
1329 , 31.0
1330 , 29.0
1331 , 29.0
1332 , 29.0
1333 , 29.0
1334 , 28.0
1335 , 27.0
1336 , 31.0
1337 , 26.0
1338 , 28.0
1339 , 28.0
1340 , 29.0
1341 , 29.0
1342 , 27.0
1343 , 26.0
1344 , 30.0
1345 , 28.0
1346 , 27.0
1347 , 28.0
1348 , 27.0
1349 , 28.0
1350 , 29.0
1351 , 29.0
1352 , 30.0
1353 , 28.0
1354 , 27.0
1355 , 30.0
1356 , 28.0
1357 , 29.0
1358 , 28.0
1359 , 27.0
1360 , 30.0
1361 , 27.0
1362 , 28.0
1363 , 28.0
1364 , 28.0
1365 , 30.0
1366 , 27.0
1367 , 29.0
1368 , 27.0
1369 , 27.0
1370 , 27.0
1371 , 27.0
1372 , 26.0
1373 , 29.0
1374 , 27.0
1375 , 28.0
1376 , 29.0
1377 , 29.0
1378 , 28.0
1379 , 28.0
1380 , 31.0
1381 , 28.0
1382 , 31.0
1383 , 28.0
1384 , 29.0
1385 , 30.0
1386 , 28.0
1387 , 29.0
1388 , 29.0
1389 , 27.0
1390 , 29.0
1391 , 31.0
1392 , 28.0
1393 , 31.0
1394 , 27.0
1395 , 30.0
1396 , 28.0
1397 , 28.0
1398 , 30.0
1399 , 26.0
1400 , 26.0
1401 , 28.0
1402 , 28.0
1403 , 26.0
1404 , 29.0
1405 , 27.0
1406 , 30.0
1407 , 30.0
1408 , 29.0
1409 , 30.0
1410 , 30.0
1411 , 27.0
1412 , 29.0
1413 , 31.0
1414 , 28.0
1415 , 28.0
1416 , 30.0
1417 , 27.0
1418 , 29.0
1419 , 26.0
1420 , 26.0
1421 , 27.0
1422 , 26.0
1423 , 28.0
1424 , 26.0
1425 , 26.0
1426 , 28.0
1427 , 27.0
1428 , 29.0
1429 , 27.0
1430 , 26.0
1431 , 27.0
1432 , 27.0
1433 , 27.0
1434 , 26.0
1435 , 29.0
1436 , 27.0
1437 , 30.0
1438 , 28.0
1439 , 28.0
1440 , 28.0
1441 , 27.0
1442 , 28.0
1443 , 26.0
1444 , 26.0
1445 , 27.0
1446 , 29.0
1447 , 31.0
1448 , 28.0
1449 , 28.0
1450 , 29.0
1451 , 27.0
1452 , 27.0
1453 , 27.0
1454 , 27.0
1455 , 28.0
1456 , 31.0
1457 , 27.0
1458 , 26.0
1459 , 28.0
1460 , 28.0
1461 , 32.0
1462 , 30.0
1463 , 29.0
1464 , 28.0
1465 , 28.0
1466 , 29.0
1467 , 28.0
1468 , 28.0
1469 , 29.0
1470 , 30.0
1471 , 26.0
1472 , 30.0
1473 , 30.0
1474 , 26.0
1475 , 27.0
1476 , 28.0
1477 , 26.0
1478 , 27.0
1479 , 28.0
1480 , 28.0
1481 , 26.0
1482 , 28.0
1483 , 27.0
1484 , 26.0
1485 , 26.0
1486 , 27.0
1487 , 28.0
1488 , 29.0
1489 , 28.0
1490 , 29.0
1491 , 27.0
1492 , 27.0
1493 , 27.0
1494 , 27.0
1495 , 27.0
1496 , 27.0
1497 , 28.0
1498 , 26.0
1499 , 27.0
1500 , 28.0
1501 , 27.0
1502 , 28.0
1503 , 28.0
1504 , 27.0
1505 , 26.0
1506 , 27.0
1507 , 28.0
1508 , 27.0
1509 , 26.0
1510 , 26.0
1511 , 27.0
1512 , 27.0
1513 , 26.0
1514 , 26.0
1515 , 27.0
1516 , 27.0
1517 , 26.0
1518 , 29.0
1519 , 26.0
1520 , 29.0
1521 , 27.0
1522 , 27.0
1523 , 29.0
1524 , 27.0
1525 , 27.0
1526 , 26.0
1527 , 27.0
1528 , 26.0
1529 , 27.0
1530 , 28.0
1531 , 26.0
1532 , 28.0
1533 , 26.0
1534 , 26.0
1535 , 29.0
1536 , 26.0
1537 , 26.0
1538 , 26.0
1539 , 27.0
1540 , 27.0
1541 , 27.0
1542 , 26.0
1543 , 27.0
1544 , 26.0
1545 , 26.0
1546 , 26.0
1547 , 28.0
1548 , 27.0
1549 , 27.0
1550 , 29.0
1551 , 26.0
1552 , 26.0
1553 , 28.0
1554 , 26.0
1555 , 28.0
1556 , 26.0
1557 , 27.0
1558 , 26.0
1559 , 28.0
1560 , 27.0
1561 , 27.0
1562 , 26.0
1563 , 26.0
1564 , 30.0
1565 , 27.0
1566 , 26.0
1567 , 26.0
1568 , 26.0
1569 , 26.0
1570 , 26.0
1571 , 26.0
1572 , 26.0
1573 , 29.0
1574 , 26.0
1575 , 27.0
1576 , 26.0
1577 , 27.0
1578 , 29.0
1579 , 26.0
1580 , 27.0
1581 , 29.0
1582 , 29.0
1583 , 26.0
1584 , 27.0
1585 , 27.0
1586 , 26.0
1587 , 26.0
1588 , 26.0
1589 , 26.0
1590 , 26.0
1591 , 26.0
1592 , 27.0
1593 , 26.0
1594 , 26.0
1595 , 29.0
1596 , 26.0
1597 , 27.0
1598 , 27.0
1599 , 27.0
1600 , 26.0
1601 , 29.0
1602 , 26.0
1603 , 27.0
1604 , 27.0
1605 , 26.0
1606 , 27.0
1607 , 26.0
1608 , 26.0
1609 , 29.0
1610 , 26.0
1611 , 26.0
1612 , 26.0
1613 , 27.0
1614 , 26.0
1615 , 26.0
1616 , 26.0
1617 , 27.0
1618 , 27.0
1619 , 29.0
1620 , 29.0
1621 , 27.0
1622 , 26.0
1623 , 26.0
1624 , 29.0
1625 , 26.0
1626 , 27.0
1627 , 26.0
1628 , 29.0
1629 , 27.0
1630 , 26.0
1631 , 27.0
1632 , 26.0
1633 , 26.0
1634 , 27.0
1635 , 28.0
1636 , 26.0
1637 , 26.0
1638 , 27.0
1639 , 26.0
1640 , 26.0
1641 , 26.0
1642 , 26.0
1643 , 28.0
1644 , 27.0
1645 , 26.0
1646 , 26.0
1647 , 26.0
1648 , 26.0
1649 , 26.0
1650 , 27.0
1651 , 26.0
1652 , 26.0
1653 , 27.0
1654 , 26.0
1655 , 26.0
1656 , 26.0
1657 , 27.0
1658 , 26.0
1659 , 29.0
1660 , 27.0
1661 , 28.0
1662 , 26.0
1663 , 29.0
1664 , 29.0
1665 , 26.0
1666 , 26.0
1667 , 26.0
1668 , 26.0
1669 , 26.0
1670 , 27.0
1671 , 26.0
1672 , 26.0
1673 , 26.0
1674 , 26.0
1675 , 29.0
1676 , 27.0
1677 , 26.0
1678 , 27.0
1679 , 27.0
1680 , 27.0
1681 , 29.0
1682 , 27.0
1683 , 26.0
1684 , 26.0
1685 , 26.0
1686 , 27.0
1687 , 26.0
1688 , 26.0
1689 , 26.0
1690 , 26.0
1691 , 26.0
1692 , 26.0
1693 , 26.0
1694 , 26.0
1695 , 26.0
1696 , 26.0
1697 , 26.0
1698 , 26.0
1699 , 26.0
1700 , 26.0
1701 , 29.0
1702 , 27.0
1703 , 27.0
1704 , 27.0
1705 , 27.0
1706 , 27.0
1707 , 27.0
1708 , 26.0
1709 , 29.0
1710 , 26.0
1711 , 27.0
1712 , 27.0
1713 , 26.0
1714 , 29.0
1715 , 26.0
1716 , 26.0
1717 , 26.0
1718 , 27.0
1719 , 29.0
1720 , 26.0
1721 , 26.0
1722 , 27.0
1723 , 29.0
1724 , 27.0
1725 , 26.0
1726 , 26.0
1727 , 29.0
1728 , 27.0
1729 , 29.0
1730 , 26.0
1731 , 26.0
1732 , 26.0
1733 , 28.0
1734 , 27.0
1735 , 27.0
1736 , 27.0
1737 , 26.0
1738 , 26.0
1739 , 26.0
1740 , 26.0
1741 , 26.0
1742 , 29.0
1743 , 29.0
1744 , 29.0
1745 , 29.0
1746 , 26.0
1747 , 26.0
1748 , 26.0
1749 , 26.0
1750 , 26.0
1751 , 26.0
1752 , 27.0
1753 , 26.0
1754 , 26.0
1755 , 26.0
1756 , 29.0
1757 , 26.0
1758 , 26.0
1759 , 28.0
1760 , 27.0
1761 , 26.0
1762 , 27.0
1763 , 29.0
1764 , 27.0
1765 , 26.0
1766 , 26.0
1767 , 27.0
1768 , 26.0
1769 , 27.0
1770 , 27.0
1771 , 26.0
1772 , 27.0
1773 , 27.0
1774 , 26.0
1775 , 26.0
1776 , 27.0
1777 , 27.0
1778 , 27.0
1779 , 27.0
1780 , 26.0
1781 , 26.0
1782 , 27.0
1783 , 27.0
1784 , 28.0
1785 , 26.0
1786 , 28.0
1787 , 26.0
1788 , 27.0
1789 , 26.0
1790 , 27.0
1791 , 26.0
1792 , 27.0
1793 , 26.0
1794 , 27.0
1795 , 27.0
1796 , 28.0
1797 , 27.0
1798 , 26.0
1799 , 26.0
1800 , 27.0
1801 , 27.0
1802 , 27.0
1803 , 27.0
1804 , 27.0
1805 , 27.0
1806 , 27.0
1807 , 26.0
1808 , 26.0
1809 , 27.0
1810 , 27.0
1811 , 27.0
1812 , 27.0
1813 , 27.0
1814 , 27.0
1815 , 26.0
1816 , 26.0
1817 , 26.0
1818 , 27.0
1819 , 26.0
1820 , 26.0
1821 , 27.0
1822 , 26.0
1823 , 27.0
1824 , 26.0
1825 , 27.0
1826 , 26.0
1827 , 26.0
1828 , 26.0
1829 , 26.0
1830 , 27.0
1831 , 27.0
1832 , 27.0
1833 , 27.0
1834 , 27.0
1835 , 26.0
1836 , 27.0
1837 , 25.0
1838 , 27.0
1839 , 27.0
1840 , 27.0
1841 , 26.0
1842 , 26.0
1843 , 26.0
1844 , 27.0
1845 , 27.0
1846 , 27.0
1847 , 26.0
1848 , 27.0
1849 , 26.0
1850 , 29.0
1851 , 26.0
1852 , 26.0
1853 , 26.0
1854 , 26.0
1855 , 28.0
1856 , 27.0
1857 , 25.0
1858 , 26.0
1859 , 26.0
1860 , 27.0
1861 , 27.0
1862 , 27.0
1863 , 26.0
1864 , 26.0
1865 , 26.0
1866 , 26.0
1867 , 26.0
1868 , 29.0
1869 , 26.0
1870 , 27.0
1871 , 26.0
1872 , 26.0
1873 , 26.0
1874 , 25.0
1875 , 26.0
1876 , 26.0
1877 , 27.0
1878 , 26.0
1879 , 26.0
1880 , 27.0
1881 , 29.0
1882 , 26.0
1883 , 26.0
1884 , 27.0
1885 , 27.0
1886 , 26.0
1887 , 26.0
1888 , 26.0
1889 , 27.0
1890 , 27.0
1891 , 26.0
1892 , 26.0
1893 , 26.0
1894 , 27.0
1895 , 26.0
1896 , 27.0
1897 , 26.0
1898 , 28.0
1899 , 26.0
1900 , 27.0
1901 , 27.0
1902 , 27.0
1903 , 26.0
1904 , 26.0
1905 , 26.0
1906 , 26.0
1907 , 26.0
1908 , 27.0
1909 , 26.0
1910 , 26.0
1911 , 26.0
1912 , 26.0
1913 , 26.0
1914 , 26.0
1915 , 26.0
1916 , 26.0
1917 , 26.0
1918 , 26.0
1919 , 29.0
1920 , 26.0
1921 , 27.0
1922 , 26.0
1923 , 26.0
1924 , 27.0
1925 , 26.0
1926 , 27.0
1927 , 26.0
1928 , 26.0
1929 , 27.0
1930 , 26.0
1931 , 26.0
1932 , 26.0
1933 , 26.0
1934 , 27.0
1935 , 27.0
1936 , 28.0
1937 , 26.0
1938 , 26.0
1939 , 26.0
1940 , 26.0
1941 , 27.0
1942 , 26.0
1943 , 27.0
1944 , 26.0
1945 , 26.0
1946 , 27.0
1947 , 26.0
1948 , 25.0
1949 , 26.0
1950 , 26.0
1951 , 26.0
1952 , 26.0
1953 , 26.0
1954 , 26.0
1955 , 27.0
1956 , 29.0
1957 , 26.0
1958 , 28.0
1959 , 26.0
1960 , 26.0
1961 , 26.0
1962 , 26.0
1963 , 27.0
1964 , 26.0
1965 , 27.0
1966 , 28.0
1967 , 27.0
1968 , 29.0
1969 , 26.0
1970 , 28.0
1971 , 26.0
1972 , 26.0
1973 , 27.0
1974 , 26.0
1975 , 25.0
1976 , 26.0
1977 , 26.0
1978 , 26.0
1979 , 26.0
1980 , 26.0
1981 , 26.0
1982 , 26.0
1983 , 26.0
1984 , 26.0
1985 , 26.0
1986 , 26.0
1987 , 26.0
1988 , 26.0
1989 , 25.0
1990 , 29.0
1991 , 25.0
1992 , 28.0
1993 , 27.0
1994 , 26.0
1995 , 29.0
1996 , 27.0
1997 , 26.0
1998 , 26.0
1999 , 26.0
2000 , 0.0

ave output
SEDAI , run = 0
0 , 40.32
1 , 39.36
2 , 39.46
3 , 38.48
4 , 38.98
5 , 38.42
6 , 37.92
7 , 38.2
8 , 37.8
9 , 35.74
10 , 37.0
11 , 37.44
12 , 37.14
13 , 37.5
14 , 36.92
15 , 37.0
16 , 36.22
17 , 37.28
18 , 36.94
19 , 37.44
20 , 36.56
21 , 37.46
22 , 36.92
23 , 35.88
24 , 36.78
25 , 36.18
26 , 36.0
27 , 36.78
28 , 36.5
29 , 36.04
30 , 36.22
31 , 36.44
32 , 35.42
33 , 36.9
34 , 36.36
35 , 36.38
36 , 35.82
37 , 35.68
38 , 35.8
39 , 37.0
40 , 36.2
41 , 34.88
42 , 36.74
43 , 36.64
44 , 35.76
45 , 35.96
46 , 35.76
47 , 36.44
48 , 36.3
49 , 35.32
50 , 36.24
51 , 35.36
52 , 35.28
53 , 35.32
54 , 33.56
55 , 35.42
56 , 34.92
57 , 34.7
58 , 34.94
59 , 34.8
60 , 35.72
61 , 34.28
62 , 34.52
63 , 35.48
64 , 34.3
65 , 34.4
66 , 34.6
67 , 34.7
68 , 34.32
69 , 34.78
70 , 34.48
71 , 36.2
72 , 34.16
73 , 34.76
74 , 34.24
75 , 33.54
76 , 34.4
77 , 34.1
78 , 33.38
79 , 34.6
80 , 34.6
81 , 33.62
82 , 34.06
83 , 33.5
84 , 33.92
85 , 33.32
86 , 33.2
87 , 33.78
88 , 33.42
89 , 33.08
90 , 34.08
91 , 34.18
92 , 33.84
93 , 33.92
94 , 34.48
95 , 33.62
96 , 33.62
97 , 33.6
98 , 34.1
99 , 33.38
100 , 33.96
101 , 33.14
102 , 33.16
103 , 33.14
104 , 33.56
105 , 32.72
106 , 33.1
107 , 33.94
108 , 33.4
109 , 33.0
110 , 34.04
111 , 33.5
112 , 33.4
113 , 34.22
114 , 32.82
115 , 33.02
116 , 33.54
117 , 33.16
118 , 33.68
119 , 32.92
120 , 33.1
121 , 33.18
122 , 32.84
123 , 33.02
124 , 33.98
125 , 33.18
126 , 33.94
127 , 34.1
128 , 33.68
129 , 33.3
130 , 33.28
131 , 32.74
132 , 33.66
133 , 33.58
134 , 32.78
135 , 33.12
136 , 33.22
137 , 33.26
138 , 33.32
139 , 32.28
140 , 33.02
141 , 33.26
142 , 33.04
143 , 32.56
144 , 32.58
145 , 32.32
146 , 33.06
147 , 32.88
148 , 32.02
149 , 31.86
150 , 32.2
151 , 32.34
152 , 32.36
153 , 32.28
154 , 31.82
155 , 31.42
156 , 32.24
157 , 32.76
158 , 31.66
159 , 32.66
160 , 31.98
161 , 32.62
162 , 31.34
163 , 32.1
164 , 31.82
165 , 31.46
166 , 31.86
167 , 31.64
168 , 31.9
169 , 32.32
170 , 31.5
171 , 31.56
172 , 32.16
173 , 31.5
174 , 31.36
175 , 30.9
176 , 31.72
177 , 31.0
178 , 31.04
179 , 30.92
180 , 31.34
181 , 30.32
182 , 31.44
183 , 30.78
184 , 31.6
185 , 29.82
186 , 30.52
187 , 30.28
188 , 30.34
189 , 30.38
190 , 29.6
191 , 30.3
192 , 29.86
193 , 31.44
194 , 30.1
195 , 30.38
196 , 30.14
197 , 30.42
198 , 30.04
199 , 30.16
200 , 30.42
201 , 29.58
202 , 30.24
203 , 29.6
204 , 31.22
205 , 29.98
206 , 29.9
207 , 29.7
208 , 29.5
209 , 29.98
210 , 29.52
211 , 30.22
212 , 29.78
213 , 29.82
214 , 30.4
215 , 30.02
216 , 29.1
217 , 29.48
218 , 28.8
219 , 29.36
220 , 28.44
221 , 30.6
222 , 29.44
223 , 29.1
224 , 29.62
225 , 29.28
226 , 29.8
227 , 29.72
228 , 29.72
229 , 29.52
230 , 29.54
231 , 29.32
232 , 29.22
233 , 29.24
234 , 29.9
235 , 29.14
236 , 29.52
237 , 29.58
238 , 28.62
239 , 29.04
240 , 29.38
241 , 29.0
242 , 29.08
243 , 29.64
244 , 29.34
245 , 29.32
246 , 29.24
247 , 29.84
248 , 29.34
249 , 29.56
250 , 29.78
251 , 29.06
252 , 29.3
253 , 28.88
254 , 28.82
255 , 29.22
256 , 28.62
257 , 28.96
258 , 28.48
259 , 29.76
260 , 29.02
261 , 28.9
262 , 28.32
263 , 29.24
264 , 29.16
265 , 29.0
266 , 29.08
267 , 29.46
268 , 29.6
269 , 29.08
270 , 29.44
271 , 28.86
272 , 29.66
273 , 28.34
274 , 28.46
275 , 28.84
276 , 29.12
277 , 28.44
278 , 28.5
279 , 28.18
280 , 28.8
281 , 29.26
282 , 29.34
283 , 29.04
284 , 28.76
285 , 28.22
286 , 28.54
287 , 29.5
288 , 29.36
289 , 29.18
290 , 28.7
291 , 28.9
292 , 29.28
293 , 28.8
294 , 29.12
295 , 28.84
296 , 28.92
297 , 28.5
298 , 28.24
299 , 29.5
300 , 29.3
301 , 28.64
302 , 28.54
303 , 28.84
304 , 29.24
305 , 28.52
306 , 28.84
307 , 28.8
308 , 28.32
309 , 29.08
310 , 28.28
311 , 28.68
312 , 28.46
313 , 27.9
314 , 28.42
315 , 28.74
316 , 28.44
317 , 28.22
318 , 28.52
319 , 28.62
320 , 28.58
321 , 28.2
322 , 28.04
323 , 28.32
324 , 27.84
325 , 28.08
326 , 28.24
327 , 28.14
328 , 27.9
329 , 28.14
330 , 28.68
331 , 28.28
332 , 27.7
333 , 28.26
334 , 28.18
335 , 28.26
336 , 28.7
337 , 28.28
338 , 28.64
339 , 28.42
340 , 28.44
341 , 28.0
342 , 28.32
343 , 28.68
344 , 28.66
345 , 28.2
346 , 28.52
347 , 28.88
348 , 28.42
349 , 28.26
350 , 27.62
351 , 28.28
352 , 28.3
353 , 28.48
354 , 27.44
355 , 27.74
356 , 27.6
357 , 27.92
358 , 28.18
359 , 28.64
360 , 27.9
361 , 28.3
362 , 28.2
363 , 28.86
364 , 28.16
365 , 27.88
366 , 27.58
367 , 27.92
368 , 28.18
369 , 28.26
370 , 27.72
371 , 27.96
372 , 27.6
373 , 27.8
374 , 27.58
375 , 28.04
376 , 27.82
377 , 28.22
378 , 27.44
379 , 27.6
380 , 28.08
381 , 27.92
382 , 27.8
383 , 28.0
384 , 28.72
385 , 27.9
386 , 28.04
387 , 28.44
388 , 28.12
389 , 27.86
390 , 28.24
391 , 27.7
392 , 27.7
393 , 27.86
394 , 28.06
395 , 28.36
396 , 28.56
397 , 27.52
398 , 28.06
399 , 27.82
400 , 27.9
401 , 27.26
402 , 27.64
403 , 27.9
404 , 27.88
405 , 28.08
406 , 27.7
407 , 27.42
408 , 27.52
409 , 27.74
410 , 27.76
411 , 28.34
412 , 27.76
413 , 27.46
414 , 27.86
415 , 27.7
416 , 27.98
417 , 27.26
418 , 26.96
419 , 27.66
420 , 27.78
421 , 27.74
422 , 27.3
423 , 27.62
424 , 27.82
425 , 26.96
426 , 26.98
427 , 27.86
428 , 27.1
429 , 27.36
430 , 27.1
431 , 27.84
432 , 28.4
433 , 27.98
434 , 27.6
435 , 27.52
436 , 27.48
437 , 27.2
438 , 27.38
439 , 27.2
440 , 27.34
441 , 27.72
442 , 27.4
443 , 26.88
444 , 27.04
445 , 27.46
446 , 28.44
447 , 27.26
448 , 26.72
449 , 27.4
450 , 26.76
451 , 26.84
452 , 26.9
453 , 26.32
454 , 27.58
455 , 26.6
456 , 27.38
457 , 27.24
458 , 27.7
459 , 26.8
460 , 27.04
461 , 27.0
462 , 26.78
463 , 26.74
464 , 27.44
465 , 27.22
466 , 26.24
467 , 27.44
468 , 27.4
469 , 27.24
470 , 26.72
471 , 27.48
472 , 26.74
473 , 27.5
474 , 26.46
475 , 26.72
476 , 27.22
477 , 26.98
478 , 26.24
479 , 27.12
480 , 27.26
481 , 27.24
482 , 27.68
483 , 26.86
484 , 26.74
485 , 26.38
486 , 27.24
487 , 27.36
488 , 27.12
489 , 26.8
490 , 26.68
491 , 26.86
492 , 26.42
493 , 26.42
494 , 26.62
495 , 26.52
496 , 27.08
497 , 26.86
498 , 26.78
499 , 26.64
500 , 26.74
501 , 26.86
502 , 26.28
503 , 27.04
504 , 27.12
505 , 27.02
506 , 27.3
507 , 26.9
508 , 26.06
509 , 26.48
510 , 26.94
511 , 26.76
512 , 26.86
513 , 26.72
514 , 26.8
515 , 27.18
516 , 27.2
517 , 26.38
518 , 26.46
519 , 26.66
520 , 27.12
521 , 27.46
522 , 26.7
523 , 26.5
524 , 26.86
525 , 27.46
526 , 27.02
527 , 26.7
528 , 26.76
529 , 26.48
530 , 27.2
531 , 26.76
532 , 26.5
533 , 26.58
534 , 26.62
535 , 26.58
536 , 26.92
537 , 26.6
538 , 26.58
539 , 26.62
540 , 26.74
541 , 26.72
542 , 27.38
543 , 26.68
544 , 26.6
545 , 26.44
546 , 27.38
547 , 26.48
548 , 26.38
549 , 27.06
550 , 26.12
551 , 26.64
552 , 26.68
553 , 26.2
554 , 26.02
555 , 26.1
556 , 26.16
557 , 26.56
558 , 26.74
559 , 27.12
560 , 26.44
561 , 26.82
562 , 26.54
563 , 27.1
564 , 27.08
565 , 26.42
566 , 26.84
567 , 25.86
568 , 26.46
569 , 26.24
570 , 26.72
571 , 26.56
572 , 26.26
573 , 27.04
574 , 26.84
575 , 26.72
576 , 26.36
577 , 26.46
578 , 26.4
579 , 26.18
580 , 26.22
581 , 26.36
582 , 26.26
583 , 26.24
584 , 26.8
585 , 26.78
586 , 27.02
587 , 26.56
588 , 25.86
589 , 26.2
590 , 25.2
591 , 25.9
592 , 26.4
593 , 25.6
594 , 26.36
595 , 27.04
596 , 26.28
597 , 26.66
598 , 25.88
599 , 26.22
600 , 26.38
601 , 25.64
602 , 25.64
603 , 26.32
604 , 25.96
605 , 26.36
606 , 26.18
607 , 26.1
608 , 26.48
609 , 25.66
610 , 26.46
611 , 25.92
612 , 26.4
613 , 25.86
614 , 26.3
615 , 26.02
616 , 25.46
617 , 25.92
618 , 25.56
619 , 25.7
620 , 26.06
621 , 26.0
622 , 26.7
623 , 25.72
624 , 25.8
625 , 25.66
626 , 25.28
627 , 25.68
628 , 25.7
629 , 25.64
630 , 26.04
631 , 25.68
632 , 26.2
633 , 25.38
634 , 26.16
635 , 25.42
636 , 25.38
637 , 25.86
638 , 25.66
639 , 25.86
640 , 25.46
641 , 25.8
642 , 25.38
643 , 25.82
644 , 25.5
645 , 25.48
646 , 25.4
647 , 25.8
648 , 25.82
649 , 25.3
650 , 26.16
651 , 26.18
652 , 26.2
653 , 25.24
654 , 25.8
655 , 26.06
656 , 25.8
657 , 25.68
658 , 25.52
659 , 25.36
660 , 25.96
661 , 25.82
662 , 25.38
663 , 26.16
664 , 25.56
665 , 25.76
666 , 25.06
667 , 25.96
668 , 26.04
669 , 26.28
670 , 26.04
671 , 25.9
672 , 25.78
673 , 25.84
674 , 25.58
675 , 25.42
676 , 25.24
677 , 25.36
678 , 25.14
679 , 25.66
680 , 25.44
681 , 25.54
682 , 25.58
683 , 25.78
684 , 26.36
685 , 25.54
686 , 25.2
687 , 25.64
688 , 25.48
689 , 25.38
690 , 26.28
691 , 25.54
692 , 25.72
693 , 25.64
694 , 25.8
695 , 26.22
696 , 25.24
697 , 25.22
698 , 26.0
699 , 25.28
700 , 25.9
701 , 25.78
702 , 25.5
703 , 25.82
704 , 25.2
705 , 25.16
706 , 25.68
707 , 25.98
708 , 25.6
709 , 25.66
710 , 25.52
711 , 25.68
712 , 25.96
713 , 25.38
714 , 25.44
715 , 25.74
716 , 25.26
717 , 25.9
718 , 25.22
719 , 25.18
720 , 25.12
721 , 25.14
722 , 25.34
723 , 25.56
724 , 25.32
725 , 25.42
726 , 25.68
727 , 25.46
728 , 25.62
729 , 25.54
730 , 25.08
731 , 25.36
732 , 25.78
733 , 24.76
734 , 25.64
735 , 24.76
736 , 25.74
737 , 25.26
738 , 25.62
739 , 25.72
740 , 25.2
741 , 25.14
742 , 25.5
743 , 25.82
744 , 25.3
745 , 25.1
746 , 25.38
747 , 25.32
748 , 25.08
749 , 25.32
750 , 25.56
751 , 25.28
752 , 25.5
753 , 25.14
754 , 25.02
755 , 25.5
756 , 25.32
757 , 25.2
758 , 25.04
759 , 25.44
760 , 25.62
761 , 25.1
762 , 25.32
763 , 25.3
764 , 25.68
765 , 25.24
766 , 25.7
767 , 25.2
768 , 25.02
769 , 25.14
770 , 25.44
771 , 25.32
772 , 24.82
773 , 25.08
774 , 24.88
775 , 24.94
776 , 25.14
777 , 25.06
778 , 25.18
779 , 25.38
780 , 25.12
781 , 25.26
782 , 25.14
783 , 25.14
784 , 25.14
785 , 25.06
786 , 25.06
787 , 25.8
788 , 24.88
789 , 25.06
790 , 25.32
791 , 24.64
792 , 25.9
793 , 25.1
794 , 24.62
795 , 25.04
796 , 24.98
797 , 24.68
798 , 24.62
799 , 24.84
800 , 25.08
801 , 25.2
802 , 25.14
803 , 24.4
804 , 24.78
805 , 24.88
806 , 24.94
807 , 25.3
808 , 24.48
809 , 24.62
810 , 24.76
811 , 25.06
812 , 25.18
813 , 24.5
814 , 24.84
815 , 25.02
816 , 25.46
817 , 24.7
818 , 24.56
819 , 25.26
820 , 25.04
821 , 24.92
822 , 24.76
823 , 25.44
824 , 25.08
825 , 25.22
826 , 24.94
827 , 24.88
828 , 25.02
829 , 25.14
830 , 24.34
831 , 24.86
832 , 25.08
833 , 24.96
834 , 24.64
835 , 25.1
836 , 25.18
837 , 25.04
838 , 25.18
839 , 25.14
840 , 24.9
841 , 24.6
842 , 25.12
843 , 25.18
844 , 25.46
845 , 25.1
846 , 24.76
847 , 24.84
848 , 24.68
849 , 24.72
850 , 24.36
851 , 24.94
852 , 24.74
853 , 24.64
854 , 24.36
855 , 24.7
856 , 24.76
857 , 25.08
858 , 25.06
859 , 24.7
860 , 25.14
861 , 24.9
862 , 25.08
863 , 24.64
864 , 25.24
865 , 24.56
866 , 24.9
867 , 24.66
868 , 24.94
869 , 24.52
870 , 24.6
871 , 24.66
872 , 24.5
873 , 24.5
874 , 24.62
875 , 24.88
876 , 24.98
877 , 25.06
878 , 24.82
879 , 24.98
880 , 25.14
881 , 24.92
882 , 25.24
883 , 24.36
884 , 24.58
885 , 24.52
886 , 25.04
887 , 25.08
888 , 23.98
889 , 24.66
890 , 24.66
891 , 24.46
892 , 24.8
893 , 24.72
894 , 24.54
895 , 24.58
896 , 24.8
897 , 24.32
898 , 24.66
899 , 24.56
900 , 24.62
901 , 24.6
902 , 24.24
903 , 24.78
904 , 24.78
905 , 24.6
906 , 24.9
907 , 24.88
908 , 24.52
909 , 24.74
910 , 24.72
911 , 24.48
912 , 24.4
913 , 25.14
914 , 24.92
915 , 24.06
916 , 24.62
917 , 24.7
918 , 24.92
919 , 24.88
920 , 24.2
921 , 24.78
922 , 24.28
923 , 25.02
924 , 24.88
925 , 24.74
926 , 25.0
927 , 24.66
928 , 25.02
929 , 24.36
930 , 25.16
931 , 24.56
932 , 24.82
933 , 24.9
934 , 24.52
935 , 24.8
936 , 24.56
937 , 25.22
938 , 24.64
939 , 25.04
940 , 24.5
941 , 24.58
942 , 24.64
943 , 24.36
944 , 24.56
945 , 24.56
946 , 24.96
947 , 24.7
948 , 24.8
949 , 24.4
950 , 24.54
951 , 24.72
952 , 24.36
953 , 24.6
954 , 24.76
955 , 24.74
956 , 24.9
957 , 24.6
958 , 24.88
959 , 24.62
960 , 24.46
961 , 24.76
962 , 24.8
963 , 24.48
964 , 24.4
965 , 24.92
966 , 24.76
967 , 24.52
968 , 24.72
969 , 24.54
970 , 24.58
971 , 24.76
972 , 24.58
973 , 24.34
974 , 24.5
975 , 24.64
976 , 24.62
977 , 24.26
978 , 24.14
979 , 24.84
980 , 24.7
981 , 24.34
982 , 24.74
983 , 24.48
984 , 24.5
985 , 24.58
986 , 24.56
987 , 24.44
988 , 24.4
989 , 24.36
990 , 24.06
991 , 24.48
992 , 24.9
993 , 24.9
994 , 25.18
995 , 24.9
996 , 24.34
997 , 24.7
998 , 24.36
999 , 24.54
1000 , 24.5
1001 , 24.28
1002 , 24.4
1003 , 24.5
1004 , 24.18
1005 , 24.72
1006 , 24.26
1007 , 24.44
1008 , 24.44
1009 , 24.7
1010 , 24.74
1011 , 24.18
1012 , 24.28
1013 , 24.7
1014 , 24.2
1015 , 24.56
1016 , 24.52
1017 , 24.2
1018 , 24.42
1019 , 24.48
1020 , 24.22
1021 , 24.28
1022 , 24.54
1023 , 24.32
1024 , 24.52
1025 , 24.56
1026 , 23.9
1027 , 24.6
1028 , 24.46
1029 , 24.18
1030 , 24.42
1031 , 24.44
1032 , 24.46
1033 , 24.64
1034 , 24.52
1035 , 24.16
1036 , 24.8
1037 , 24.16
1038 , 24.24
1039 , 24.34
1040 , 24.16
1041 , 24.4
1042 , 24.76
1043 , 24.38
1044 , 24.36
1045 , 24.32
1046 , 24.42
1047 , 24.76
1048 , 24.42
1049 , 24.22
1050 , 24.44
1051 , 24.38
1052 , 24.78
1053 , 24.78
1054 , 24.34
1055 , 24.12
1056 , 24.46
1057 , 24.88
1058 , 24.38
1059 , 24.48
1060 , 24.32
1061 , 23.9
1062 , 23.92
1063 , 24.3
1064 , 24.3
1065 , 24.46
1066 , 24.32
1067 , 24.6
1068 , 24.28
1069 , 24.16
1070 , 24.18
1071 , 24.14
1072 , 24.02
1073 , 24.08
1074 , 24.56
1075 , 24.1
1076 , 24.52
1077 , 24.12
1078 , 24.22
1079 , 24.18
1080 , 24.38
1081 , 24.2
1082 , 24.56
1083 , 24.14
1084 , 24.16
1085 , 24.3
1086 , 24.3
1087 , 24.38
1088 , 24.24
1089 , 24.16
1090 , 24.3
1091 , 24.16
1092 , 24.28
1093 , 24.52
1094 , 24.24
1095 , 24.16
1096 , 24.32
1097 , 24.28
1098 , 24.5
1099 , 24.16
1100 , 24.22
1101 , 24.42
1102 , 24.5
1103 , 24.28
1104 , 24.12
1105 , 23.94
1106 , 23.84
1107 , 24.06
1108 , 24.58
1109 , 24.24
1110 , 24.06
1111 , 24.1
1112 , 24.1
1113 , 24.16
1114 , 24.26
1115 , 24.12
1116 , 24.44
1117 , 24.14
1118 , 24.22
1119 , 24.42
1120 , 24.06
1121 , 24.06
1122 , 24.1
1123 , 24.24
1124 , 24.22
1125 , 24.26
1126 , 24.5
1127 , 24.28
1128 , 24.3
1129 , 23.9
1130 , 24.08
1131 , 24.12
1132 , 24.3
1133 , 24.1
1134 , 24.34
1135 , 23.66
1136 , 24.16
1137 , 24.18
1138 , 24.32
1139 , 23.88
1140 , 24.14
1141 , 24.7
1142 , 24.02
1143 , 24.42
1144 , 24.26
1145 , 24.14
1146 , 24.04
1147 , 23.82
1148 , 24.12
1149 , 23.98
1150 , 24.42
1151 , 24.18
1152 , 24.16
1153 , 24.06
1154 , 24.06
1155 , 24.26
1156 , 24.12
1157 , 24.28
1158 , 24.22
1159 , 24.4
1160 , 23.96
1161 , 23.92
1162 , 24.24
1163 , 24.14
1164 , 24.26
1165 , 24.04
1166 , 24.36
1167 , 23.98
1168 , 24.02
1169 , 24.16
1170 , 24.28
1171 , 23.98
1172 , 23.96
1173 , 24.48
1174 , 24.3
1175 , 24.06
1176 , 24.14
1177 , 23.9
1178 , 24.28
1179 , 23.98
1180 , 24.0
1181 , 24.34
1182 , 24.28
1183 , 24.5
1184 , 24.06
1185 , 24.42
1186 , 23.78
1187 , 24.18
1188 , 23.88
1189 , 24.1
1190 , 24.38
1191 , 23.82
1192 , 24.08
1193 , 23.96
1194 , 24.2
1195 , 24.18
1196 , 24.32
1197 , 24.2
1198 , 24.12
1199 , 24.3
1200 , 24.04
1201 , 24.06
1202 , 24.32
1203 , 24.36
1204 , 23.96
1205 , 24.38
1206 , 23.88
1207 , 24.14
1208 , 24.1
1209 , 24.08
1210 , 23.9
1211 , 23.76
1212 , 24.08
1213 , 24.18
1214 , 23.86
1215 , 23.66
1216 , 24.08
1217 , 23.96
1218 , 24.08
1219 , 24.22
1220 , 23.66
1221 , 24.14
1222 , 23.84
1223 , 23.96
1224 , 24.24
1225 , 24.22
1226 , 24.1
1227 , 24.06
1228 , 23.98
1229 , 24.16
1230 , 24.36
1231 , 23.74
1232 , 24.04
1233 , 23.88
1234 , 24.16
1235 , 23.98
1236 , 24.22
1237 , 23.8
1238 , 23.88
1239 , 24.06
1240 , 23.96
1241 , 24.02
1242 , 23.86
1243 , 24.52
1244 , 24.1
1245 , 24.22
1246 , 23.82
1247 , 24.14
1248 , 24.1
1249 , 23.7
1250 , 23.96
1251 , 24.16
1252 , 23.44
1253 , 24.12
1254 , 23.92
1255 , 24.18
1256 , 24.06
1257 , 24.02
1258 , 24.04
1259 , 24.0
1260 , 24.5
1261 , 24.04
1262 , 24.28
1263 , 23.96
1264 , 24.0
1265 , 24.0
1266 , 24.0
1267 , 23.58
1268 , 23.8
1269 , 23.68
1270 , 24.28
1271 , 23.78
1272 , 23.84
1273 , 24.04
1274 , 23.88
1275 , 24.12
1276 , 24.18
1277 , 24.04
1278 , 24.16
1279 , 24.3
1280 , 23.76
1281 , 24.16
1282 , 24.06
1283 , 23.68
1284 , 23.96
1285 , 24.18
1286 , 23.84
1287 , 24.16
1288 , 24.0
1289 , 24.1
1290 , 23.96
1291 , 23.72
1292 , 23.72
1293 , 23.92
1294 , 24.1
1295 , 23.98
1296 , 24.18
1297 , 24.0
1298 , 23.84
1299 , 24.22
1300 , 23.94
1301 , 24.16
1302 , 24.08
1303 , 23.88
1304 , 24.0
1305 , 23.98
1306 , 23.66
1307 , 23.9
1308 , 23.96
1309 , 23.96
1310 , 23.78
1311 , 24.22
1312 , 23.7
1313 , 24.14
1314 , 23.9
1315 , 23.78
1316 , 24.22
1317 , 23.82
1318 , 24.14
1319 , 23.68
1320 , 24.18
1321 , 23.92
1322 , 23.76
1323 , 24.2
1324 , 23.88
1325 , 23.94
1326 , 23.98
1327 , 23.9
1328 , 23.66
1329 , 23.98
1330 , 23.9
1331 , 23.72
1332 , 24.14
1333 , 23.98
1334 , 24.12
1335 , 23.76
1336 , 24.44
1337 , 23.74
1338 , 23.98
1339 , 23.82
1340 , 24.18
1341 , 23.74
1342 , 23.76
1343 , 23.8
1344 , 23.9
1345 , 23.98
1346 , 23.72
1347 , 24.1
1348 , 23.98
1349 , 23.72
1350 , 23.86
1351 , 23.92
1352 , 23.7
1353 , 24.14
1354 , 23.98
1355 , 24.02
1356 , 23.7
1357 , 23.94
1358 , 24.18
1359 , 23.94
1360 , 24.2
1361 , 23.84
1362 , 23.9
1363 , 23.78
1364 , 23.88
1365 , 24.02
1366 , 23.76
1367 , 23.74
1368 , 23.88
1369 , 23.76
1370 , 23.72
1371 , 23.86
1372 , 23.72
1373 , 23.86
1374 , 23.72
1375 , 23.78
1376 , 24.02
1377 , 23.98
1378 , 23.88
1379 , 23.94
1380 , 23.9
1381 , 23.56
1382 , 24.2
1383 , 23.7
1384 , 24.22
1385 , 24.2
1386 , 23.96
1387 , 24.0
1388 , 23.74
1389 , 23.86
1390 , 24.16
1391 , 23.94
1392 , 23.8
1393 , 24.02
1394 , 23.94
1395 , 24.1
1396 , 23.6
1397 , 23.8
1398 , 23.78
1399 , 23.58
1400 , 23.72
1401 , 23.72
1402 , 24.02
1403 , 23.66
1404 , 23.88
1405 , 23.74
1406 , 24.08
1407 , 23.94
1408 , 23.76
1409 , 23.96
1410 , 24.04
1411 , 23.96
1412 , 23.9
1413 , 24.02
1414 , 23.84
1415 , 23.94
1416 , 24.22
1417 , 23.56
1418 , 23.84
1419 , 23.92
1420 , 23.74
1421 , 23.9
1422 , 23.76
1423 , 23.98
1424 , 23.6
1425 , 23.76
1426 , 24.04
1427 , 23.74
1428 , 23.74
1429 , 23.74
1430 , 23.66
1431 , 23.68
1432 , 23.9
1433 , 23.78
1434 , 23.66
1435 , 23.88
1436 , 23.84
1437 , 23.62
1438 , 23.78
1439 , 23.74
1440 , 23.8
1441 , 23.66
1442 , 23.86
1443 , 23.56
1444 , 23.84
1445 , 23.52
1446 , 23.66
1447 , 24.04
1448 , 23.88
1449 , 23.94
1450 , 24.18
1451 , 23.84
1452 , 23.4
1453 , 24.04
1454 , 23.92
1455 , 24.04
1456 , 24.02
1457 , 23.82
1458 , 23.84
1459 , 23.94
1460 , 23.64
1461 , 24.2
1462 , 23.88
1463 , 24.04
1464 , 23.6
1465 , 24.06
1466 , 23.72
1467 , 23.8
1468 , 23.88
1469 , 23.72
1470 , 23.96
1471 , 23.7
1472 , 24.04
1473 , 24.0
1474 , 23.88
1475 , 23.84
1476 , 23.82
1477 , 23.72
1478 , 23.86
1479 , 24.08
1480 , 24.2
1481 , 24.08
1482 , 24.0
1483 , 24.02
1484 , 23.84
1485 , 23.74
1486 , 23.98
1487 , 23.94
1488 , 24.02
1489 , 24.14
1490 , 24.14
1491 , 24.0
1492 , 24.12
1493 , 24.1
1494 , 23.7
1495 , 23.84
1496 , 23.94
1497 , 23.9
1498 , 23.76
1499 , 23.68
1500 , 24.02
1501 , 24.18
1502 , 23.86
1503 , 24.1
1504 , 24.1
1505 , 23.9
1506 , 23.96
1507 , 24.0
1508 , 24.18
1509 , 23.98
1510 , 23.86
1511 , 23.98
1512 , 23.76
1513 , 23.92
1514 , 23.98
1515 , 24.14
1516 , 24.16
1517 , 23.88
1518 , 23.9
1519 , 23.86
1520 , 24.14
1521 , 23.84
1522 , 24.04
1523 , 24.04
1524 , 23.92
1525 , 24.18
1526 , 24.02
1527 , 24.2
1528 , 23.88
1529 , 23.92
1530 , 24.26
1531 , 23.96
1532 , 24.02
1533 , 24.08
1534 , 23.84
1535 , 24.12
1536 , 24.16
1537 , 23.92
1538 , 23.86
1539 , 24.24
1540 , 23.9
1541 , 24.1
1542 , 23.96
1543 , 23.72
1544 , 24.08
1545 , 23.9
1546 , 23.88
1547 , 23.94
1548 , 23.7
1549 , 23.9
1550 , 23.98
1551 , 23.94
1552 , 23.8
1553 , 23.9
1554 , 23.84
1555 , 24.24
1556 , 23.86
1557 , 23.76
1558 , 24.34
1559 , 23.82
1560 , 23.9
1561 , 23.92
1562 , 23.86
1563 , 23.9
1564 , 23.84
1565 , 24.0
1566 , 23.84
1567 , 23.88
1568 , 23.58
1569 , 23.66
1570 , 23.72
1571 , 23.64
1572 , 23.68
1573 , 23.88
1574 , 23.8
1575 , 23.92
1576 , 23.96
1577 , 23.68
1578 , 23.98
1579 , 23.88
1580 , 23.68
1581 , 23.76
1582 , 23.92
1583 , 23.68
1584 , 23.8
1585 , 23.54
1586 , 23.54
1587 , 23.68
1588 , 23.78
1589 , 23.7
1590 , 23.48
1591 , 23.72
1592 , 23.86
1593 , 23.78
1594 , 23.6
1595 , 23.92
1596 , 23.76
1597 , 23.72
1598 , 23.74
1599 , 23.74
1600 , 23.68
1601 , 23.96
1602 , 23.7
1603 , 23.8
1604 , 23.76
1605 , 23.58
1606 , 23.72
1607 , 23.7
1608 , 23.78
1609 , 23.64
1610 , 23.7
1611 , 23.52
1612 , 23.6
1613 , 23.74
1614 , 23.78
1615 , 23.78
1616 , 23.68
1617 , 23.56
1618 , 23.66
1619 , 23.88
1620 , 23.84
1621 , 23.96
1622 , 23.7
1623 , 23.68
1624 , 24.04
1625 , 23.68
1626 , 23.7
1627 , 23.64
1628 , 23.78
1629 , 23.74
1630 , 23.86
1631 , 23.96
1632 , 23.54
1633 , 23.62
1634 , 23.5
1635 , 23.92
1636 , 23.78
1637 , 24.0
1638 , 24.0
1639 , 23.8
1640 , 23.76
1641 , 23.58
1642 , 23.86
1643 , 24.0
1644 , 23.76
1645 , 23.46
1646 , 23.72
1647 , 23.72
1648 , 23.7
1649 , 23.92
1650 , 23.68
1651 , 23.86
1652 , 23.74
1653 , 23.9
1654 , 23.98
1655 , 23.88
1656 , 23.82
1657 , 23.94
1658 , 24.02
1659 , 24.08
1660 , 23.88
1661 , 23.84
1662 , 24.02
1663 , 23.92
1664 , 23.86
1665 , 23.78
1666 , 23.74
1667 , 23.88
1668 , 23.78
1669 , 23.78
1670 , 23.9
1671 , 23.8
1672 , 23.46
1673 , 23.82
1674 , 23.88
1675 , 23.98
1676 , 24.06
1677 , 23.88
1678 , 23.76
1679 , 24.24
1680 , 23.74
1681 , 24.06
1682 , 24.1
1683 , 23.78
1684 , 23.96
1685 , 23.82
1686 , 24.2
1687 , 24.18
1688 , 24.06
1689 , 23.8
1690 , 24.26
1691 , 24.12
1692 , 24.12
1693 , 23.94
1694 , 24.12
1695 , 23.92
1696 , 24.1
1697 , 23.96
1698 , 24.24
1699 , 24.24
1700 , 23.94
1701 , 23.88
1702 , 23.98
1703 , 24.12
1704 , 24.26
1705 , 24.48
1706 , 24.1
1707 , 24.18
1708 , 24.22
1709 , 23.78
1710 , 24.1
1711 , 24.06
1712 , 24.08
1713 , 24.08
1714 , 24.18
1715 , 23.88
1716 , 24.06
1717 , 23.8
1718 , 24.18
1719 , 24.3
1720 , 23.82
1721 , 24.04
1722 , 24.12
1723 , 24.16
1724 , 24.08
1725 , 23.8
1726 , 24.18
1727 , 23.88
1728 , 24.46
1729 , 24.12
1730 , 23.9
1731 , 24.02
1732 , 23.8
1733 , 24.02
1734 , 24.04
1735 , 23.74
1736 , 23.78
1737 , 24.1
1738 , 24.02
1739 , 23.86
1740 , 23.88
1741 , 24.16
1742 , 23.98
1743 , 23.9
1744 , 24.04
1745 , 23.96
1746 , 23.72
1747 , 24.14
1748 , 23.82
1749 , 24.04
1750 , 23.74
1751 , 23.82
1752 , 23.8
1753 , 23.72
1754 , 23.78
1755 , 23.94
1756 , 24.24
1757 , 23.88
1758 , 23.72
1759 , 23.8
1760 , 23.7
1761 , 23.9
1762 , 23.9
1763 , 23.82
1764 , 23.94
1765 , 23.82
1766 , 23.76
1767 , 23.9
1768 , 24.04
1769 , 24.02
1770 , 24.2
1771 , 23.94
1772 , 23.84
1773 , 23.84
1774 , 24.12
1775 , 23.64
1776 , 23.86
1777 , 23.9
1778 , 23.8
1779 , 23.84
1780 , 23.9
1781 , 24.08
1782 , 24.16
1783 , 23.96
1784 , 24.08
1785 , 23.86
1786 , 23.9
1787 , 23.9
1788 , 24.16
1789 , 23.88
1790 , 24.06
1791 , 23.9
1792 , 24.3
1793 , 24.0
1794 , 24.14
1795 , 24.02
1796 , 24.02
1797 , 24.14
1798 , 24.14
1799 , 23.84
1800 , 24.26
1801 , 24.0
1802 , 24.04
1803 , 24.24
1804 , 24.3
1805 , 23.72
1806 , 24.12
1807 , 23.84
1808 , 23.78
1809 , 23.78
1810 , 24.1
1811 , 24.14
1812 , 24.02
1813 , 23.86
1814 , 24.08
1815 , 23.88
1816 , 23.52
1817 , 23.8
1818 , 23.86
1819 , 23.8
1820 , 23.64
1821 , 23.78
1822 , 23.58
1823 , 23.94
1824 , 23.9
1825 , 23.72
1826 , 23.76
1827 , 23.96
1828 , 24.08
1829 , 23.74
1830 , 23.86
1831 , 23.5
1832 , 23.72
1833 , 23.78
1834 , 23.66
1835 , 23.92
1836 , 23.78
1837 , 23.42
1838 , 23.74
1839 , 23.7
1840 , 23.92
1841 , 23.72
1842 , 23.46
1843 , 23.82
1844 , 23.8
1845 , 23.8
1846 , 24.06
1847 , 23.68
1848 , 23.74
1849 , 23.6
1850 , 23.82
1851 , 23.48
1852 , 23.8
1853 , 23.64
1854 , 23.8
1855 , 23.88
1856 , 23.66
1857 , 23.52
1858 , 23.7
1859 , 23.48
1860 , 23.64
1861 , 23.7
1862 , 23.62
1863 , 23.9
1864 , 23.54
1865 , 23.64
1866 , 23.56
1867 , 23.5
1868 , 23.9
1869 , 23.74
1870 , 23.72
1871 , 23.72
1872 , 23.72
1873 , 23.64
1874 , 23.6
1875 , 23.78
1876 , 23.76
1877 , 23.86
1878 , 23.74
1879 , 23.64
1880 , 23.96
1881 , 23.78
1882 , 23.68
1883 , 23.6
1884 , 23.58
1885 , 23.62
1886 , 23.46
1887 , 23.5
1888 , 23.6
1889 , 23.7
1890 , 23.66
1891 , 23.6
1892 , 23.76
1893 , 23.58
1894 , 23.56
1895 , 23.58
1896 , 23.7
1897 , 23.68
1898 , 23.68
1899 , 23.82
1900 , 23.7
1901 , 23.64
1902 , 23.78
1903 , 23.66
1904 , 23.52
1905 , 23.72
1906 , 23.72
1907 , 23.64
1908 , 23.68
1909 , 23.44
1910 , 23.64
1911 , 23.66
1912 , 23.5
1913 , 23.56
1914 , 23.56
1915 , 23.62
1916 , 23.5
1917 , 23.82
1918 , 23.56
1919 , 23.58
1920 , 23.62
1921 , 23.56
1922 , 23.46
1923 , 23.56
1924 , 23.66
1925 , 23.66
1926 , 23.56
1927 , 23.52
1928 , 23.5
1929 , 23.5
1930 , 23.66
1931 , 23.62
1932 , 23.68
1933 , 23.58
1934 , 23.54
1935 , 23.52
1936 , 23.74
1937 , 23.62
1938 , 23.4
1939 , 23.52
1940 , 23.5
1941 , 23.8
1942 , 23.56
1943 , 23.42
1944 , 23.76
1945 , 23.76
1946 , 23.6
1947 , 23.74
1948 , 23.42
1949 , 23.46
1950 , 23.78
1951 , 23.66
1952 , 23.44
1953 , 23.64
1954 , 23.46
1955 , 23.86
1956 , 23.64
1957 , 23.6
1958 , 23.66
1959 , 23.4
1960 , 23.64
1961 , 23.64
1962 , 23.6
1963 , 23.66
1964 , 23.54
1965 , 23.82
1966 , 23.7
1967 , 23.64
1968 , 23.76
1969 , 23.8
1970 , 23.76
1971 , 23.46
1972 , 23.5
1973 , 23.5
1974 , 23.6
1975 , 23.46
1976 , 23.56
1977 , 23.64
1978 , 23.72
1979 , 23.42
1980 , 23.36
1981 , 23.66
1982 , 23.3
1983 , 23.38
1984 , 23.56
1985 , 23.54
1986 , 23.36
1987 , 23.6
1988 , 23.54
1989 , 23.36
1990 , 23.46
1991 , 23.4
1992 , 23.9
1993 , 23.54
1994 , 23.62
1995 , 23.6
1996 , 23.6
1997 , 23.46
1998 , 23.54
1999 , 23.26
2000 , 0.0