Machine = 6,Job = 10,Task = 20,Ant = 50,
Sedai , Best , Bad , Average 
0 , 147.0 , 199.0 , 175.2 , 
1 , 157.0 , 202.0 , 180.2 , 
2 , 157.0 , 199.0 , 179.04 , 
3 , 150.0 , 208.0 , 175.98 , 
4 , 150.0 , 202.0 , 175.08 , 
5 , 153.0 , 202.0 , 176.6 , 
6 , 157.0 , 201.0 , 177.82 , 
7 , 160.0 , 202.0 , 178.56 , 
8 , 157.0 , 211.0 , 178.18 , 
9 , 155.0 , 205.0 , 177.68 , 
10 , 147.0 , 209.0 , 176.64 , 
11 , 158.0 , 205.0 , 176.24 , 
12 , 158.0 , 207.0 , 179.54 , 
13 , 160.0 , 199.0 , 177.5 , 
14 , 148.0 , 202.0 , 179.0 , 
15 , 154.0 , 207.0 , 179.86 , 
16 , 154.0 , 204.0 , 178.44 , 
17 , 153.0 , 208.0 , 176.58 , 
18 , 147.0 , 201.0 , 174.88 , 
19 , 156.0 , 214.0 , 179.9 , 
20 , 156.0 , 212.0 , 178.74 , 
21 , 151.0 , 203.0 , 180.58 , 
22 , 153.0 , 213.0 , 177.04 , 
23 , 156.0 , 201.0 , 177.72 , 
24 , 153.0 , 198.0 , 177.64 , 
25 , 153.0 , 207.0 , 182.82 , 
26 , 153.0 , 212.0 , 180.12 , 
27 , 154.0 , 204.0 , 180.04 , 
28 , 154.0 , 206.0 , 180.28 , 
29 , 153.0 , 199.0 , 179.96 , 
30 , 147.0 , 213.0 , 178.32 , 
31 , 160.0 , 206.0 , 177.08 , 
32 , 160.0 , 215.0 , 180.52 , 
33 , 156.0 , 212.0 , 177.2 , 
34 , 162.0 , 197.0 , 178.54 , 
35 , 150.0 , 205.0 , 179.0 , 
36 , 148.0 , 206.0 , 178.9 , 
37 , 150.0 , 200.0 , 180.16 , 
38 , 158.0 , 213.0 , 180.5 , 
39 , 156.0 , 207.0 , 181.96 , 
40 , 160.0 , 218.0 , 179.88 , 
41 , 157.0 , 206.0 , 181.96 , 
42 , 164.0 , 209.0 , 179.66 , 
43 , 155.0 , 215.0 , 181.14 , 
44 , 149.0 , 203.0 , 181.56 , 
45 , 161.0 , 204.0 , 179.66 , 
46 , 152.0 , 205.0 , 176.54 , 
47 , 157.0 , 208.0 , 182.36 , 
48 , 161.0 , 210.0 , 180.92 , 
49 , 161.0 , 201.0 , 181.68 , 
50 , 150.0 , 203.0 , 179.1 , 
51 , 155.0 , 213.0 , 182.36 , 
52 , 159.0 , 214.0 , 182.06 , 
53 , 155.0 , 207.0 , 178.54 , 
54 , 151.0 , 213.0 , 181.74 , 
55 , 151.0 , 208.0 , 179.28 , 
56 , 157.0 , 217.0 , 180.6 , 
57 , 156.0 , 205.0 , 178.42 , 
58 , 155.0 , 206.0 , 182.7 , 
59 , 155.0 , 212.0 , 181.84 , 
60 , 167.0 , 207.0 , 182.16 , 
61 , 161.0 , 211.0 , 183.86 , 
62 , 158.0 , 210.0 , 181.76 , 
63 , 155.0 , 207.0 , 182.46 , 
64 , 162.0 , 204.0 , 182.6 , 
65 , 155.0 , 213.0 , 183.56 , 
66 , 156.0 , 211.0 , 183.28 , 
67 , 150.0 , 197.0 , 178.68 , 
68 , 153.0 , 208.0 , 182.0 , 
69 , 160.0 , 202.0 , 183.38 , 
70 , 158.0 , 217.0 , 186.32 , 
71 , 161.0 , 207.0 , 182.04 , 
72 , 158.0 , 196.0 , 181.46 , 
73 , 158.0 , 214.0 , 181.52 , 
74 , 149.0 , 209.0 , 181.76 , 
75 , 157.0 , 214.0 , 183.08 , 
76 , 162.0 , 212.0 , 182.44 , 
77 , 163.0 , 221.0 , 183.0 , 
78 , 159.0 , 216.0 , 183.82 , 
79 , 162.0 , 205.0 , 181.18 , 
80 , 160.0 , 209.0 , 182.48 , 
81 , 151.0 , 209.0 , 181.16 , 
82 , 161.0 , 212.0 , 180.92 , 
83 , 153.0 , 206.0 , 180.72 , 
84 , 166.0 , 213.0 , 183.46 , 
85 , 157.0 , 215.0 , 183.42 , 
86 , 157.0 , 212.0 , 182.24 , 
87 , 152.0 , 207.0 , 182.52 , 
88 , 159.0 , 211.0 , 180.08 , 
89 , 151.0 , 209.0 , 182.44 , 
90 , 156.0 , 210.0 , 179.72 , 
91 , 152.0 , 218.0 , 181.7 , 
92 , 152.0 , 204.0 , 181.5 , 
93 , 162.0 , 216.0 , 184.06 , 
94 , 158.0 , 203.0 , 182.24 , 
95 , 154.0 , 199.0 , 180.16 , 
96 , 163.0 , 215.0 , 182.6 , 
97 , 160.0 , 208.0 , 183.44 , 
98 , 163.0 , 203.0 , 183.56 , 
99 , 161.0 , 210.0 , 183.6 , 
100 , 164.0 , 196.0 , 181.26 , 
101 , 162.0 , 207.0 , 182.6 , 
102 , 152.0 , 206.0 , 182.22 , 
103 , 161.0 , 211.0 , 182.96 , 
104 , 161.0 , 205.0 , 179.4 , 
105 , 154.0 , 211.0 , 180.88 , 
106 , 155.0 , 201.0 , 181.84 , 
107 , 156.0 , 209.0 , 181.88 , 
108 , 163.0 , 207.0 , 181.38 , 
109 , 157.0 , 209.0 , 181.56 , 
110 , 161.0 , 213.0 , 179.96 , 
111 , 157.0 , 215.0 , 182.22 , 
112 , 152.0 , 213.0 , 181.68 , 
113 , 163.0 , 202.0 , 184.22 , 
114 , 139.0 , 209.0 , 178.98 , 
115 , 158.0 , 206.0 , 181.12 , 
116 , 158.0 , 202.0 , 179.02 , 
117 , 156.0 , 203.0 , 180.3 , 
118 , 161.0 , 203.0 , 182.76 , 
119 , 150.0 , 222.0 , 181.96 , 
120 , 149.0 , 218.0 , 184.02 , 
121 , 159.0 , 207.0 , 183.02 , 
122 , 165.0 , 219.0 , 185.08 , 
123 , 162.0 , 208.0 , 182.58 , 
124 , 155.0 , 201.0 , 182.84 , 
125 , 155.0 , 207.0 , 183.8 , 
126 , 156.0 , 215.0 , 181.26 , 
127 , 160.0 , 208.0 , 181.16 , 
128 , 162.0 , 213.0 , 180.46 , 
129 , 162.0 , 213.0 , 183.82 , 
130 , 152.0 , 214.0 , 182.48 , 
131 , 160.0 , 197.0 , 178.34 , 
132 , 159.0 , 206.0 , 181.76 , 
133 , 154.0 , 205.0 , 181.3 , 
134 , 155.0 , 200.0 , 177.8 , 
135 , 150.0 , 207.0 , 179.64 , 
136 , 161.0 , 204.0 , 178.96 , 
137 , 158.0 , 202.0 , 181.48 , 
138 , 150.0 , 201.0 , 177.68 , 
139 , 158.0 , 203.0 , 181.26 , 
140 , 155.0 , 204.0 , 180.16 , 
141 , 155.0 , 215.0 , 179.9 , 
142 , 156.0 , 208.0 , 178.54 , 
143 , 155.0 , 207.0 , 179.06 , 
144 , 150.0 , 210.0 , 178.54 , 
145 , 149.0 , 201.0 , 178.66 , 
146 , 148.0 , 209.0 , 177.84 , 
147 , 155.0 , 203.0 , 178.86 , 
148 , 156.0 , 201.0 , 179.02 , 
149 , 159.0 , 204.0 , 178.16 , 
150 , 155.0 , 200.0 , 174.98 , 
151 , 155.0 , 199.0 , 177.24 , 
152 , 154.0 , 197.0 , 177.56 , 
153 , 154.0 , 205.0 , 176.36 , 
154 , 159.0 , 210.0 , 178.52 , 
155 , 154.0 , 195.0 , 176.34 , 
156 , 160.0 , 203.0 , 181.62 , 
157 , 161.0 , 199.0 , 181.46 , 
158 , 154.0 , 202.0 , 177.56 , 
159 , 158.0 , 206.0 , 179.74 , 
160 , 155.0 , 201.0 , 177.56 , 
161 , 161.0 , 209.0 , 181.52 , 
162 , 159.0 , 216.0 , 180.32 , 
163 , 151.0 , 201.0 , 180.02 , 
164 , 152.0 , 203.0 , 180.36 , 
165 , 158.0 , 207.0 , 179.96 , 
166 , 157.0 , 209.0 , 175.52 , 
167 , 154.0 , 199.0 , 178.24 , 
168 , 157.0 , 202.0 , 181.08 , 
169 , 152.0 , 202.0 , 175.96 , 
170 , 154.0 , 213.0 , 178.92 , 
171 , 156.0 , 205.0 , 175.46 , 
172 , 156.0 , 196.0 , 178.78 , 
173 , 159.0 , 192.0 , 176.8 , 
174 , 157.0 , 203.0 , 178.4 , 
175 , 155.0 , 200.0 , 178.04 , 
176 , 158.0 , 209.0 , 176.94 , 
177 , 148.0 , 198.0 , 177.32 , 
178 , 157.0 , 207.0 , 176.38 , 
179 , 151.0 , 200.0 , 175.56 , 
180 , 148.0 , 193.0 , 175.98 , 
181 , 148.0 , 202.0 , 173.3 , 
182 , 154.0 , 216.0 , 178.44 , 
183 , 161.0 , 201.0 , 176.46 , 
184 , 143.0 , 193.0 , 176.48 , 
185 , 148.0 , 200.0 , 178.26 , 
186 , 154.0 , 203.0 , 178.76 , 
187 , 154.0 , 202.0 , 179.24 , 
188 , 159.0 , 197.0 , 178.5 , 
189 , 149.0 , 201.0 , 177.76 , 
190 , 144.0 , 200.0 , 176.48 , 
191 , 151.0 , 200.0 , 177.26 , 
192 , 157.0 , 200.0 , 178.48 , 
193 , 158.0 , 196.0 , 177.2 , 
194 , 146.0 , 203.0 , 177.58 , 
195 , 159.0 , 206.0 , 178.6 , 
196 , 157.0 , 196.0 , 175.48 , 
197 , 152.0 , 202.0 , 178.98 , 
198 , 156.0 , 205.0 , 177.9 , 
199 , 152.0 , 193.0 , 175.3 , 
200 , 155.0 , 206.0 , 178.5 , 
201 , 142.0 , 204.0 , 177.72 , 
202 , 149.0 , 205.0 , 175.56 , 
203 , 156.0 , 202.0 , 177.22 , 
204 , 153.0 , 202.0 , 177.4 , 
205 , 147.0 , 194.0 , 175.34 , 
206 , 150.0 , 215.0 , 179.04 , 
207 , 153.0 , 212.0 , 177.54 , 
208 , 157.0 , 198.0 , 180.02 , 
209 , 155.0 , 201.0 , 178.1 , 
210 , 157.0 , 195.0 , 178.18 , 
211 , 159.0 , 209.0 , 181.54 , 
212 , 153.0 , 202.0 , 179.76 , 
213 , 153.0 , 205.0 , 178.62 , 
214 , 156.0 , 201.0 , 178.32 , 
215 , 150.0 , 201.0 , 179.46 , 
216 , 155.0 , 199.0 , 178.4 , 
217 , 157.0 , 209.0 , 178.62 , 
218 , 158.0 , 199.0 , 177.32 , 
219 , 157.0 , 209.0 , 179.22 , 
220 , 156.0 , 202.0 , 181.18 , 
221 , 158.0 , 200.0 , 178.62 , 
222 , 151.0 , 207.0 , 180.14 , 
223 , 163.0 , 206.0 , 181.56 , 
224 , 159.0 , 209.0 , 181.46 , 
225 , 167.0 , 202.0 , 180.96 , 
226 , 157.0 , 201.0 , 181.24 , 
227 , 157.0 , 200.0 , 180.86 , 
228 , 161.0 , 201.0 , 181.84 , 
229 , 155.0 , 205.0 , 182.16 , 
230 , 161.0 , 204.0 , 179.56 , 
231 , 154.0 , 202.0 , 179.88 , 
232 , 158.0 , 203.0 , 180.86 , 
233 , 157.0 , 200.0 , 179.4 , 
234 , 157.0 , 203.0 , 178.32 , 
235 , 155.0 , 211.0 , 178.72 , 
236 , 161.0 , 202.0 , 180.66 , 
237 , 157.0 , 203.0 , 180.92 , 
238 , 159.0 , 202.0 , 180.5 , 
239 , 160.0 , 211.0 , 181.6 , 
240 , 153.0 , 194.0 , 178.3 , 
241 , 161.0 , 194.0 , 180.22 , 
242 , 158.0 , 207.0 , 177.92 , 
243 , 156.0 , 200.0 , 180.06 , 
244 , 165.0 , 204.0 , 180.06 , 
245 , 154.0 , 198.0 , 178.5 , 
246 , 163.0 , 213.0 , 181.3 , 
247 , 155.0 , 201.0 , 179.02 , 
248 , 153.0 , 197.0 , 181.16 , 
249 , 159.0 , 206.0 , 180.94 , 
250 , 157.0 , 205.0 , 178.62 , 
251 , 153.0 , 206.0 , 180.68 , 
252 , 154.0 , 199.0 , 177.08 , 
253 , 152.0 , 204.0 , 181.38 , 
254 , 163.0 , 207.0 , 183.08 , 
255 , 157.0 , 202.0 , 177.82 , 
256 , 165.0 , 207.0 , 182.8 , 
257 , 160.0 , 208.0 , 181.56 , 
258 , 155.0 , 212.0 , 181.58 , 
259 , 153.0 , 208.0 , 182.18 , 
260 , 153.0 , 199.0 , 177.78 , 
261 , 159.0 , 200.0 , 180.52 , 
262 , 153.0 , 205.0 , 179.92 , 
263 , 159.0 , 207.0 , 182.38 , 
264 , 161.0 , 207.0 , 182.26 , 
265 , 164.0 , 208.0 , 182.6 , 
266 , 160.0 , 206.0 , 183.04 , 
267 , 161.0 , 205.0 , 181.3 , 
268 , 155.0 , 205.0 , 180.24 , 
269 , 154.0 , 204.0 , 180.44 , 
270 , 147.0 , 202.0 , 181.38 , 
271 , 165.0 , 198.0 , 181.42 , 
272 , 161.0 , 200.0 , 182.58 , 
273 , 156.0 , 210.0 , 181.92 , 
274 , 159.0 , 200.0 , 180.0 , 
275 , 147.0 , 204.0 , 180.94 , 
276 , 158.0 , 212.0 , 181.82 , 
277 , 158.0 , 197.0 , 177.44 , 
278 , 158.0 , 207.0 , 182.18 , 
279 , 155.0 , 202.0 , 180.14 , 
280 , 154.0 , 207.0 , 180.04 , 
281 , 163.0 , 205.0 , 180.04 , 
282 , 152.0 , 201.0 , 179.16 , 
283 , 164.0 , 209.0 , 182.98 , 
284 , 157.0 , 207.0 , 181.98 , 
285 , 157.0 , 211.0 , 182.32 , 
286 , 159.0 , 203.0 , 181.86 , 
287 , 156.0 , 208.0 , 182.34 , 
288 , 155.0 , 203.0 , 179.72 , 
289 , 165.0 , 213.0 , 183.86 , 
290 , 160.0 , 205.0 , 182.32 , 
291 , 165.0 , 205.0 , 182.84 , 
292 , 158.0 , 215.0 , 182.54 , 
293 , 155.0 , 211.0 , 182.7 , 
294 , 161.0 , 206.0 , 180.82 , 
295 , 160.0 , 206.0 , 183.6 , 
296 , 162.0 , 205.0 , 180.92 , 
297 , 159.0 , 201.0 , 181.26 , 
298 , 166.0 , 214.0 , 187.52 , 
299 , 161.0 , 210.0 , 184.4 , 
300 , 159.0 , 218.0 , 184.1 , 
301 , 163.0 , 201.0 , 184.72 , 
302 , 161.0 , 200.0 , 181.84 , 
303 , 163.0 , 211.0 , 183.3 , 
304 , 164.0 , 208.0 , 184.14 , 
305 , 165.0 , 221.0 , 183.74 , 
306 , 159.0 , 199.0 , 181.06 , 
307 , 161.0 , 205.0 , 183.8 , 
308 , 167.0 , 206.0 , 184.58 , 
309 , 159.0 , 208.0 , 184.68 , 
310 , 160.0 , 198.0 , 183.18 , 
311 , 164.0 , 204.0 , 182.1 , 
312 , 165.0 , 214.0 , 184.06 , 
313 , 157.0 , 202.0 , 184.32 , 
314 , 160.0 , 210.0 , 185.54 , 
315 , 162.0 , 207.0 , 181.8 , 
316 , 163.0 , 203.0 , 183.42 , 
317 , 152.0 , 213.0 , 183.5 , 
318 , 167.0 , 206.0 , 186.28 , 
319 , 163.0 , 209.0 , 183.32 , 
320 , 170.0 , 204.0 , 184.9 , 
321 , 161.0 , 211.0 , 183.6 , 
322 , 166.0 , 209.0 , 185.74 , 
323 , 155.0 , 218.0 , 183.34 , 
324 , 157.0 , 213.0 , 182.52 , 
325 , 161.0 , 203.0 , 182.16 , 
326 , 163.0 , 208.0 , 184.76 , 
327 , 159.0 , 206.0 , 183.6 , 
328 , 160.0 , 202.0 , 182.72 , 
329 , 161.0 , 204.0 , 183.06 , 
330 , 164.0 , 206.0 , 183.16 , 
331 , 163.0 , 226.0 , 184.94 , 
332 , 164.0 , 209.0 , 185.74 , 
333 , 161.0 , 199.0 , 182.02 , 
334 , 164.0 , 210.0 , 186.66 , 
335 , 162.0 , 213.0 , 186.12 , 
336 , 161.0 , 216.0 , 184.98 , 
337 , 157.0 , 201.0 , 184.34 , 
338 , 157.0 , 206.0 , 185.32 , 
339 , 163.0 , 210.0 , 182.84 , 
340 , 154.0 , 213.0 , 182.72 , 
341 , 163.0 , 204.0 , 184.78 , 
342 , 163.0 , 205.0 , 184.76 , 
343 , 163.0 , 215.0 , 186.14 , 
344 , 160.0 , 209.0 , 183.88 , 
345 , 163.0 , 206.0 , 183.18 , 
346 , 161.0 , 203.0 , 181.34 , 
347 , 162.0 , 212.0 , 182.62 , 
348 , 159.0 , 200.0 , 183.2 , 
349 , 164.0 , 202.0 , 185.42 , 
350 , 155.0 , 199.0 , 183.66 , 
351 , 157.0 , 201.0 , 181.82 , 
352 , 158.0 , 203.0 , 182.44 , 
353 , 162.0 , 203.0 , 182.92 , 
354 , 158.0 , 202.0 , 186.72 , 
355 , 168.0 , 208.0 , 183.4 , 
356 , 165.0 , 207.0 , 185.34 , 
357 , 166.0 , 208.0 , 185.48 , 
358 , 163.0 , 207.0 , 186.64 , 
359 , 165.0 , 211.0 , 182.72 , 
360 , 165.0 , 214.0 , 184.4 , 
361 , 161.0 , 209.0 , 185.66 , 
362 , 169.0 , 209.0 , 185.9 , 
363 , 168.0 , 204.0 , 183.72 , 
364 , 162.0 , 204.0 , 183.12 , 
365 , 168.0 , 204.0 , 185.86 , 
366 , 167.0 , 210.0 , 186.26 , 
367 , 163.0 , 218.0 , 184.92 , 
368 , 162.0 , 208.0 , 186.22 , 
369 , 166.0 , 203.0 , 184.94 , 
370 , 158.0 , 212.0 , 182.86 , 
371 , 166.0 , 215.0 , 183.48 , 
372 , 156.0 , 214.0 , 186.18 , 
373 , 162.0 , 214.0 , 185.86 , 
374 , 161.0 , 211.0 , 185.28 , 
375 , 157.0 , 215.0 , 186.24 , 
376 , 163.0 , 210.0 , 185.9 , 
377 , 165.0 , 210.0 , 184.36 , 
378 , 159.0 , 220.0 , 184.22 , 
379 , 167.0 , 203.0 , 186.5 , 
380 , 163.0 , 205.0 , 183.44 , 
381 , 160.0 , 205.0 , 183.78 , 
382 , 161.0 , 198.0 , 182.82 , 
383 , 168.0 , 201.0 , 182.74 , 
384 , 162.0 , 208.0 , 184.8 , 
385 , 165.0 , 207.0 , 184.04 , 
386 , 167.0 , 210.0 , 184.24 , 
387 , 167.0 , 202.0 , 183.38 , 
388 , 165.0 , 200.0 , 182.42 , 
389 , 164.0 , 207.0 , 184.22 , 
390 , 166.0 , 208.0 , 183.4 , 
391 , 159.0 , 206.0 , 183.46 , 
392 , 166.0 , 208.0 , 186.02 , 
393 , 152.0 , 207.0 , 184.68 , 
394 , 158.0 , 219.0 , 182.84 , 
395 , 161.0 , 207.0 , 183.7 , 
396 , 151.0 , 210.0 , 184.46 , 
397 , 167.0 , 202.0 , 184.44 , 
398 , 159.0 , 210.0 , 183.12 , 
399 , 159.0 , 213.0 , 185.62 , 
400 , 163.0 , 201.0 , 183.06 , 
401 , 169.0 , 215.0 , 184.84 , 
402 , 160.0 , 203.0 , 184.16 , 
403 , 162.0 , 204.0 , 181.28 , 
404 , 164.0 , 208.0 , 182.1 , 
405 , 158.0 , 209.0 , 184.38 , 
406 , 157.0 , 203.0 , 180.9 , 
407 , 160.0 , 212.0 , 184.12 , 
408 , 165.0 , 222.0 , 187.0 , 
409 , 161.0 , 205.0 , 184.5 , 
410 , 162.0 , 208.0 , 185.84 , 
411 , 162.0 , 203.0 , 183.36 , 
412 , 167.0 , 210.0 , 184.78 , 
413 , 165.0 , 214.0 , 183.7 , 
414 , 158.0 , 204.0 , 182.66 , 
415 , 165.0 , 203.0 , 182.42 , 
416 , 163.0 , 201.0 , 182.36 , 
417 , 165.0 , 199.0 , 181.14 , 
418 , 165.0 , 205.0 , 184.04 , 
419 , 163.0 , 209.0 , 184.3 , 
420 , 162.0 , 213.0 , 183.08 , 
421 , 167.0 , 211.0 , 183.8 , 
422 , 158.0 , 208.0 , 180.78 , 
423 , 156.0 , 212.0 , 182.6 , 
424 , 166.0 , 209.0 , 184.3 , 
425 , 165.0 , 206.0 , 181.98 , 
426 , 163.0 , 199.0 , 182.84 , 
427 , 158.0 , 198.0 , 180.88 , 
428 , 160.0 , 210.0 , 183.48 , 
429 , 158.0 , 215.0 , 184.92 , 
430 , 162.0 , 210.0 , 182.96 , 
431 , 156.0 , 200.0 , 181.76 , 
432 , 158.0 , 206.0 , 180.44 , 
433 , 165.0 , 215.0 , 180.98 , 
434 , 159.0 , 197.0 , 181.68 , 
435 , 162.0 , 203.0 , 179.72 , 
436 , 162.0 , 207.0 , 182.6 , 
437 , 166.0 , 200.0 , 181.82 , 
438 , 162.0 , 210.0 , 180.84 , 
439 , 158.0 , 204.0 , 182.02 , 
440 , 164.0 , 200.0 , 180.9 , 
441 , 161.0 , 207.0 , 183.14 , 
442 , 151.0 , 205.0 , 181.32 , 
443 , 160.0 , 203.0 , 180.68 , 
444 , 153.0 , 200.0 , 181.62 , 
445 , 153.0 , 202.0 , 181.3 , 
446 , 162.0 , 201.0 , 181.26 , 
447 , 162.0 , 204.0 , 181.34 , 
448 , 156.0 , 203.0 , 181.02 , 
449 , 154.0 , 211.0 , 182.36 , 
450 , 166.0 , 207.0 , 185.3 , 
451 , 166.0 , 209.0 , 183.58 , 
452 , 159.0 , 206.0 , 181.7 , 
453 , 159.0 , 206.0 , 182.7 , 
454 , 155.0 , 209.0 , 183.26 , 
455 , 162.0 , 202.0 , 183.7 , 
456 , 156.0 , 211.0 , 180.88 , 
457 , 158.0 , 199.0 , 181.5 , 
458 , 155.0 , 203.0 , 180.56 , 
459 , 156.0 , 203.0 , 180.98 , 
460 , 163.0 , 202.0 , 184.94 , 
461 , 166.0 , 203.0 , 180.66 , 
462 , 163.0 , 206.0 , 180.4 , 
463 , 154.0 , 204.0 , 181.94 , 
464 , 156.0 , 196.0 , 182.96 , 
465 , 158.0 , 212.0 , 182.58 , 
466 , 165.0 , 196.0 , 180.64 , 
467 , 156.0 , 207.0 , 181.14 , 
468 , 159.0 , 196.0 , 180.56 , 
469 , 155.0 , 204.0 , 179.7 , 
470 , 155.0 , 211.0 , 181.8 , 
471 , 159.0 , 204.0 , 182.76 , 
472 , 161.0 , 206.0 , 180.82 , 
473 , 162.0 , 200.0 , 180.18 , 
474 , 149.0 , 200.0 , 180.26 , 
475 , 153.0 , 207.0 , 182.5 , 
476 , 166.0 , 202.0 , 181.08 , 
477 , 159.0 , 199.0 , 178.78 , 
478 , 164.0 , 213.0 , 184.04 , 
479 , 155.0 , 208.0 , 181.12 , 
480 , 166.0 , 199.0 , 180.96 , 
481 , 163.0 , 216.0 , 181.96 , 
482 , 164.0 , 207.0 , 181.48 , 
483 , 167.0 , 212.0 , 182.66 , 
484 , 157.0 , 202.0 , 180.82 , 
485 , 159.0 , 205.0 , 181.66 , 
486 , 162.0 , 211.0 , 183.26 , 
487 , 147.0 , 203.0 , 182.0 , 
488 , 163.0 , 211.0 , 182.76 , 
489 , 161.0 , 201.0 , 182.94 , 
490 , 163.0 , 203.0 , 182.52 , 
491 , 164.0 , 203.0 , 182.1 , 
492 , 171.0 , 208.0 , 183.64 , 
493 , 162.0 , 206.0 , 184.04 , 
494 , 161.0 , 204.0 , 183.76 , 
495 , 164.0 , 214.0 , 184.24 , 
496 , 161.0 , 210.0 , 184.34 , 
497 , 165.0 , 213.0 , 182.7 , 
498 , 167.0 , 208.0 , 183.0 , 
499 , 161.0 , 207.0 , 184.82 , 
500 , 163.0 , 207.0 , 183.12 , 
501 , 162.0 , 204.0 , 181.38 , 
502 , 164.0 , 202.0 , 185.68 , 
503 , 168.0 , 205.0 , 182.38 , 
504 , 167.0 , 202.0 , 182.28 , 
505 , 161.0 , 204.0 , 180.98 , 
506 , 169.0 , 202.0 , 183.76 , 
507 , 163.0 , 210.0 , 185.4 , 
508 , 169.0 , 206.0 , 187.48 , 
509 , 164.0 , 205.0 , 184.08 , 
510 , 159.0 , 220.0 , 187.32 , 
511 , 164.0 , 206.0 , 186.92 , 
512 , 164.0 , 213.0 , 185.2 , 
513 , 166.0 , 207.0 , 185.38 , 
514 , 162.0 , 214.0 , 183.94 , 
515 , 157.0 , 219.0 , 184.42 , 
516 , 166.0 , 206.0 , 185.56 , 
517 , 171.0 , 215.0 , 186.3 , 
518 , 164.0 , 208.0 , 185.8 , 
519 , 155.0 , 205.0 , 186.36 , 
520 , 168.0 , 210.0 , 185.5 , 
521 , 157.0 , 205.0 , 185.68 , 
522 , 168.0 , 211.0 , 186.28 , 
523 , 164.0 , 205.0 , 184.78 , 
524 , 162.0 , 211.0 , 185.92 , 
525 , 163.0 , 207.0 , 187.22 , 
526 , 166.0 , 217.0 , 186.1 , 
527 , 164.0 , 207.0 , 186.52 , 
528 , 169.0 , 210.0 , 187.26 , 
529 , 168.0 , 210.0 , 186.58 , 
530 , 159.0 , 204.0 , 187.14 , 
531 , 161.0 , 205.0 , 183.88 , 
532 , 163.0 , 209.0 , 184.3 , 
533 , 171.0 , 203.0 , 185.26 , 
534 , 158.0 , 206.0 , 185.38 , 
535 , 168.0 , 207.0 , 185.94 , 
536 , 166.0 , 213.0 , 187.06 , 
537 , 164.0 , 207.0 , 187.18 , 
538 , 161.0 , 208.0 , 186.98 , 
539 , 173.0 , 209.0 , 186.22 , 
540 , 172.0 , 206.0 , 187.14 , 
541 , 170.0 , 215.0 , 185.84 , 
542 , 165.0 , 210.0 , 185.98 , 
543 , 166.0 , 210.0 , 186.26 , 
544 , 162.0 , 199.0 , 184.06 , 
545 , 157.0 , 200.0 , 180.92 , 
546 , 159.0 , 206.0 , 184.84 , 
547 , 160.0 , 200.0 , 183.8 , 
548 , 167.0 , 212.0 , 184.06 , 
549 , 168.0 , 220.0 , 187.02 , 
550 , 158.0 , 206.0 , 184.16 , 
551 , 162.0 , 210.0 , 183.74 , 
552 , 164.0 , 210.0 , 185.98 , 
553 , 169.0 , 209.0 , 181.78 , 
554 , 160.0 , 202.0 , 185.3 , 
555 , 164.0 , 213.0 , 181.68 , 
556 , 162.0 , 209.0 , 183.18 , 
557 , 165.0 , 205.0 , 184.06 , 
558 , 162.0 , 209.0 , 182.72 , 
559 , 159.0 , 204.0 , 184.1 , 
560 , 163.0 , 205.0 , 185.14 , 
561 , 166.0 , 203.0 , 186.02 , 
562 , 163.0 , 205.0 , 185.1 , 
563 , 162.0 , 213.0 , 185.46 , 
564 , 168.0 , 207.0 , 185.66 , 
565 , 163.0 , 209.0 , 185.02 , 
566 , 162.0 , 209.0 , 185.72 , 
567 , 161.0 , 207.0 , 186.76 , 
568 , 167.0 , 215.0 , 185.92 , 
569 , 169.0 , 203.0 , 186.88 , 
570 , 166.0 , 210.0 , 186.74 , 
571 , 166.0 , 210.0 , 186.32 , 
572 , 173.0 , 207.0 , 186.34 , 
573 , 158.0 , 205.0 , 186.96 , 
574 , 162.0 , 211.0 , 185.72 , 
575 , 166.0 , 211.0 , 186.66 , 
576 , 161.0 , 210.0 , 184.6 , 
577 , 165.0 , 206.0 , 185.92 , 
578 , 169.0 , 206.0 , 183.2 , 
579 , 163.0 , 213.0 , 185.22 , 
580 , 169.0 , 210.0 , 184.94 , 
581 , 160.0 , 214.0 , 186.36 , 
582 , 166.0 , 208.0 , 186.3 , 
583 , 164.0 , 207.0 , 186.52 , 
584 , 168.0 , 203.0 , 185.18 , 
585 , 165.0 , 209.0 , 185.6 , 
586 , 167.0 , 211.0 , 184.74 , 
587 , 164.0 , 214.0 , 187.1 , 
588 , 163.0 , 202.0 , 183.5 , 
589 , 152.0 , 205.0 , 185.12 , 
590 , 162.0 , 201.0 , 183.38 , 
591 , 168.0 , 210.0 , 184.66 , 
592 , 158.0 , 208.0 , 185.38 , 
593 , 155.0 , 204.0 , 183.74 , 
594 , 159.0 , 213.0 , 183.26 , 
595 , 156.0 , 203.0 , 184.38 , 
596 , 166.0 , 206.0 , 186.32 , 
597 , 160.0 , 202.0 , 182.28 , 
598 , 172.0 , 206.0 , 187.66 , 
599 , 154.0 , 218.0 , 185.04 , 
600 , 163.0 , 205.0 , 183.16 , 
601 , 171.0 , 204.0 , 186.82 , 
602 , 168.0 , 207.0 , 183.56 , 
603 , 158.0 , 208.0 , 184.88 , 
604 , 163.0 , 197.0 , 182.92 , 
605 , 152.0 , 204.0 , 184.44 , 
606 , 169.0 , 212.0 , 183.58 , 
607 , 159.0 , 217.0 , 183.16 , 
608 , 167.0 , 204.0 , 183.86 , 
609 , 166.0 , 206.0 , 183.82 , 
610 , 155.0 , 201.0 , 181.38 , 
611 , 163.0 , 201.0 , 183.96 , 
612 , 169.0 , 207.0 , 184.74 , 
613 , 165.0 , 202.0 , 182.1 , 
614 , 161.0 , 203.0 , 182.72 , 
615 , 165.0 , 223.0 , 183.46 , 
616 , 165.0 , 205.0 , 183.56 , 
617 , 164.0 , 203.0 , 182.82 , 
618 , 170.0 , 204.0 , 182.5 , 
619 , 163.0 , 202.0 , 181.42 , 
620 , 159.0 , 209.0 , 184.54 , 
621 , 149.0 , 201.0 , 180.7 , 
622 , 165.0 , 207.0 , 183.14 , 
623 , 156.0 , 197.0 , 179.76 , 
624 , 158.0 , 199.0 , 181.56 , 
625 , 162.0 , 210.0 , 183.54 , 
626 , 157.0 , 200.0 , 184.06 , 
627 , 165.0 , 198.0 , 182.62 , 
628 , 164.0 , 205.0 , 183.0 , 
629 , 158.0 , 212.0 , 183.82 , 
630 , 164.0 , 199.0 , 182.0 , 
631 , 164.0 , 197.0 , 181.98 , 
632 , 165.0 , 206.0 , 185.38 , 
633 , 167.0 , 206.0 , 183.22 , 
634 , 162.0 , 211.0 , 183.32 , 
635 , 159.0 , 206.0 , 183.52 , 
636 , 164.0 , 207.0 , 184.68 , 
637 , 165.0 , 204.0 , 183.12 , 
638 , 165.0 , 197.0 , 181.48 , 
639 , 165.0 , 207.0 , 182.14 , 
640 , 161.0 , 206.0 , 183.38 , 
641 , 156.0 , 199.0 , 181.32 , 
642 , 166.0 , 202.0 , 182.54 , 
643 , 160.0 , 208.0 , 181.18 , 
644 , 169.0 , 204.0 , 183.88 , 
645 , 160.0 , 221.0 , 184.48 , 
646 , 168.0 , 198.0 , 183.94 , 
647 , 159.0 , 202.0 , 183.3 , 
648 , 159.0 , 208.0 , 185.36 , 
649 , 166.0 , 207.0 , 184.42 , 
650 , 161.0 , 201.0 , 181.82 , 
651 , 161.0 , 210.0 , 184.44 , 
652 , 155.0 , 213.0 , 186.04 , 
653 , 163.0 , 211.0 , 187.02 , 
654 , 157.0 , 202.0 , 183.14 , 
655 , 165.0 , 208.0 , 182.54 , 
656 , 166.0 , 200.0 , 182.52 , 
657 , 164.0 , 210.0 , 181.96 , 
658 , 164.0 , 204.0 , 183.02 , 
659 , 161.0 , 202.0 , 183.72 , 
660 , 163.0 , 216.0 , 183.32 , 
661 , 171.0 , 198.0 , 184.8 , 
662 , 158.0 , 207.0 , 184.82 , 
663 , 168.0 , 212.0 , 185.78 , 
664 , 161.0 , 207.0 , 184.98 , 
665 , 163.0 , 209.0 , 183.1 , 
666 , 161.0 , 216.0 , 183.4 , 
667 , 169.0 , 202.0 , 184.42 , 
668 , 158.0 , 208.0 , 181.6 , 
669 , 163.0 , 212.0 , 184.36 , 
670 , 167.0 , 202.0 , 184.4 , 
671 , 158.0 , 193.0 , 180.32 , 
672 , 165.0 , 201.0 , 183.72 , 
673 , 165.0 , 200.0 , 183.16 , 
674 , 160.0 , 199.0 , 183.68 , 
675 , 162.0 , 202.0 , 182.08 , 
676 , 163.0 , 215.0 , 184.28 , 
677 , 167.0 , 205.0 , 183.64 , 
678 , 166.0 , 201.0 , 184.12 , 
679 , 159.0 , 205.0 , 185.42 , 
680 , 165.0 , 199.0 , 182.34 , 
681 , 168.0 , 209.0 , 184.02 , 
682 , 157.0 , 204.0 , 182.86 , 
683 , 159.0 , 195.0 , 182.62 , 
684 , 163.0 , 201.0 , 184.56 , 
685 , 168.0 , 215.0 , 182.42 , 
686 , 161.0 , 205.0 , 182.98 , 
687 , 162.0 , 200.0 , 183.06 , 
688 , 169.0 , 202.0 , 184.26 , 
689 , 166.0 , 210.0 , 181.26 , 
690 , 166.0 , 204.0 , 183.84 , 
691 , 155.0 , 209.0 , 183.72 , 
692 , 158.0 , 205.0 , 182.66 , 
693 , 164.0 , 200.0 , 181.24 , 
694 , 159.0 , 202.0 , 180.12 , 
695 , 165.0 , 207.0 , 183.32 , 
696 , 163.0 , 216.0 , 182.06 , 
697 , 165.0 , 213.0 , 181.96 , 
698 , 167.0 , 209.0 , 183.54 , 
699 , 162.0 , 201.0 , 182.06 , 
700 , 163.0 , 202.0 , 182.34 , 
701 , 156.0 , 203.0 , 180.66 , 
702 , 164.0 , 202.0 , 181.78 , 
703 , 160.0 , 203.0 , 181.78 , 
704 , 160.0 , 218.0 , 181.58 , 
705 , 153.0 , 202.0 , 183.22 , 
706 , 165.0 , 202.0 , 182.12 , 
707 , 162.0 , 203.0 , 183.8 , 
708 , 151.0 , 206.0 , 182.82 , 
709 , 163.0 , 204.0 , 181.08 , 
710 , 166.0 , 197.0 , 181.22 , 
711 , 162.0 , 211.0 , 182.92 , 
712 , 161.0 , 203.0 , 182.52 , 
713 , 163.0 , 197.0 , 180.56 , 
714 , 159.0 , 202.0 , 180.86 , 
715 , 162.0 , 204.0 , 179.54 , 
716 , 160.0 , 197.0 , 181.04 , 
717 , 163.0 , 203.0 , 184.2 , 
718 , 164.0 , 206.0 , 183.18 , 
719 , 155.0 , 198.0 , 180.2 , 
720 , 155.0 , 201.0 , 181.28 , 
721 , 163.0 , 203.0 , 181.8 , 
722 , 161.0 , 210.0 , 182.56 , 
723 , 155.0 , 200.0 , 179.2 , 
724 , 165.0 , 207.0 , 182.68 , 
725 , 171.0 , 201.0 , 182.48 , 
726 , 155.0 , 199.0 , 181.78 , 
727 , 163.0 , 200.0 , 181.26 , 
728 , 161.0 , 198.0 , 180.82 , 
729 , 165.0 , 208.0 , 181.96 , 
730 , 167.0 , 197.0 , 183.0 , 
731 , 164.0 , 201.0 , 182.06 , 
732 , 167.0 , 200.0 , 182.48 , 
733 , 163.0 , 203.0 , 181.54 , 
734 , 165.0 , 204.0 , 183.52 , 
735 , 170.0 , 206.0 , 185.28 , 
736 , 165.0 , 200.0 , 184.34 , 
737 , 167.0 , 198.0 , 181.84 , 
738 , 167.0 , 200.0 , 182.9 , 
739 , 167.0 , 204.0 , 183.86 , 
740 , 157.0 , 205.0 , 181.08 , 
741 , 166.0 , 201.0 , 182.0 , 
742 , 166.0 , 207.0 , 182.88 , 
743 , 164.0 , 213.0 , 181.04 , 
744 , 167.0 , 205.0 , 182.76 , 
745 , 163.0 , 204.0 , 181.46 , 
746 , 163.0 , 219.0 , 182.36 , 
747 , 162.0 , 207.0 , 183.6 , 
748 , 164.0 , 209.0 , 181.62 , 
749 , 161.0 , 203.0 , 182.48 , 
750 , 163.0 , 200.0 , 181.44 , 
751 , 162.0 , 218.0 , 183.12 , 
752 , 165.0 , 205.0 , 183.2 , 
753 , 165.0 , 199.0 , 182.7 , 
754 , 162.0 , 213.0 , 180.76 , 
755 , 159.0 , 197.0 , 183.56 , 
756 , 163.0 , 211.0 , 180.48 , 
757 , 164.0 , 207.0 , 180.94 , 
758 , 163.0 , 208.0 , 181.48 , 
759 , 162.0 , 199.0 , 181.88 , 
760 , 162.0 , 211.0 , 181.18 , 
761 , 158.0 , 206.0 , 181.26 , 
762 , 161.0 , 198.0 , 180.72 , 
763 , 156.0 , 209.0 , 180.52 , 
764 , 164.0 , 198.0 , 182.08 , 
765 , 164.0 , 201.0 , 183.22 , 
766 , 162.0 , 204.0 , 182.88 , 
767 , 162.0 , 198.0 , 182.92 , 
768 , 159.0 , 203.0 , 181.18 , 
769 , 163.0 , 195.0 , 183.26 , 
770 , 161.0 , 203.0 , 180.92 , 
771 , 169.0 , 196.0 , 183.92 , 
772 , 163.0 , 203.0 , 183.06 , 
773 , 161.0 , 214.0 , 182.42 , 
774 , 163.0 , 203.0 , 183.64 , 
775 , 167.0 , 202.0 , 184.2 , 
776 , 166.0 , 201.0 , 183.74 , 
777 , 161.0 , 201.0 , 183.8 , 
778 , 166.0 , 208.0 , 182.88 , 
779 , 167.0 , 204.0 , 184.04 , 
780 , 165.0 , 204.0 , 181.44 , 
781 , 168.0 , 204.0 , 182.24 , 
782 , 168.0 , 196.0 , 183.36 , 
783 , 169.0 , 204.0 , 184.84 , 
784 , 164.0 , 205.0 , 182.28 , 
785 , 164.0 , 207.0 , 183.94 , 
786 , 158.0 , 206.0 , 181.36 , 
787 , 169.0 , 206.0 , 184.4 , 
788 , 169.0 , 197.0 , 183.04 , 
789 , 155.0 , 207.0 , 184.66 , 
790 , 163.0 , 199.0 , 184.78 , 
791 , 165.0 , 204.0 , 183.04 , 
792 , 161.0 , 206.0 , 182.1 , 
793 , 166.0 , 196.0 , 183.34 , 
794 , 169.0 , 202.0 , 184.34 , 
795 , 160.0 , 204.0 , 183.18 , 
796 , 162.0 , 210.0 , 185.12 , 
797 , 166.0 , 207.0 , 184.86 , 
798 , 159.0 , 201.0 , 184.26 , 
799 , 168.0 , 205.0 , 185.18 , 
800 , 154.0 , 208.0 , 185.86 , 
801 , 170.0 , 202.0 , 183.66 , 
802 , 169.0 , 207.0 , 185.04 , 
803 , 163.0 , 205.0 , 186.82 , 
804 , 164.0 , 207.0 , 187.42 , 
805 , 169.0 , 208.0 , 184.38 , 
806 , 165.0 , 202.0 , 183.2 , 
807 , 168.0 , 208.0 , 188.3 , 
808 , 160.0 , 219.0 , 184.68 , 
809 , 163.0 , 208.0 , 185.74 , 
810 , 169.0 , 204.0 , 186.62 , 
811 , 168.0 , 208.0 , 187.32 , 
812 , 159.0 , 202.0 , 185.3 , 
813 , 166.0 , 210.0 , 186.86 , 
814 , 168.0 , 205.0 , 186.08 , 
815 , 172.0 , 211.0 , 186.12 , 
816 , 158.0 , 201.0 , 186.54 , 
817 , 164.0 , 200.0 , 183.98 , 
818 , 175.0 , 204.0 , 187.46 , 
819 , 171.0 , 204.0 , 185.76 , 
820 , 165.0 , 200.0 , 185.32 , 
821 , 170.0 , 207.0 , 187.66 , 
822 , 165.0 , 204.0 , 184.06 , 
823 , 166.0 , 206.0 , 186.58 , 
824 , 165.0 , 203.0 , 185.02 , 
825 , 169.0 , 214.0 , 188.08 , 
826 , 169.0 , 205.0 , 184.92 , 
827 , 170.0 , 202.0 , 187.2 , 
828 , 165.0 , 201.0 , 185.22 , 
829 , 168.0 , 205.0 , 186.44 , 
830 , 170.0 , 206.0 , 187.22 , 
831 , 171.0 , 211.0 , 186.44 , 
832 , 163.0 , 208.0 , 186.72 , 
833 , 167.0 , 204.0 , 186.1 , 
834 , 172.0 , 204.0 , 188.1 , 
835 , 171.0 , 204.0 , 186.62 , 
836 , 166.0 , 216.0 , 187.42 , 
837 , 165.0 , 215.0 , 187.0 , 
838 , 168.0 , 219.0 , 189.1 , 
839 , 164.0 , 213.0 , 186.78 , 
840 , 170.0 , 203.0 , 187.08 , 
841 , 170.0 , 213.0 , 188.32 , 
842 , 169.0 , 202.0 , 186.18 , 
843 , 174.0 , 210.0 , 187.84 , 
844 , 158.0 , 206.0 , 186.08 , 
845 , 165.0 , 205.0 , 185.18 , 
846 , 168.0 , 205.0 , 186.52 , 
847 , 171.0 , 226.0 , 189.78 , 
848 , 158.0 , 206.0 , 187.54 , 
849 , 172.0 , 209.0 , 185.7 , 
850 , 173.0 , 212.0 , 187.26 , 
851 , 152.0 , 208.0 , 189.02 , 
852 , 171.0 , 208.0 , 187.08 , 
853 , 166.0 , 208.0 , 187.72 , 
854 , 169.0 , 206.0 , 188.5 , 
855 , 168.0 , 211.0 , 190.0 , 
856 , 171.0 , 214.0 , 187.56 , 
857 , 168.0 , 207.0 , 187.02 , 
858 , 162.0 , 204.0 , 186.68 , 
859 , 167.0 , 206.0 , 185.12 , 
860 , 162.0 , 213.0 , 189.64 , 
861 , 169.0 , 205.0 , 185.7 , 
862 , 174.0 , 209.0 , 189.36 , 
863 , 171.0 , 206.0 , 188.74 , 
864 , 166.0 , 204.0 , 189.0 , 
865 , 177.0 , 214.0 , 188.9 , 
866 , 164.0 , 208.0 , 188.92 , 
867 , 172.0 , 206.0 , 190.04 , 
868 , 171.0 , 213.0 , 190.66 , 
869 , 174.0 , 206.0 , 190.36 , 
870 , 169.0 , 208.0 , 189.26 , 
871 , 171.0 , 210.0 , 187.62 , 
872 , 171.0 , 210.0 , 190.3 , 
873 , 168.0 , 207.0 , 191.02 , 
874 , 170.0 , 209.0 , 188.58 , 
875 , 172.0 , 211.0 , 190.2 , 
876 , 165.0 , 207.0 , 189.78 , 
877 , 165.0 , 221.0 , 192.56 , 
878 , 176.0 , 207.0 , 191.44 , 
879 , 173.0 , 207.0 , 189.28 , 
880 , 170.0 , 216.0 , 190.4 , 
881 , 172.0 , 211.0 , 190.56 , 
882 , 175.0 , 204.0 , 191.24 , 
883 , 167.0 , 209.0 , 189.88 , 
884 , 170.0 , 207.0 , 190.44 , 
885 , 167.0 , 211.0 , 192.14 , 
886 , 175.0 , 212.0 , 192.54 , 
887 , 173.0 , 212.0 , 193.3 , 
888 , 174.0 , 215.0 , 190.92 , 
889 , 171.0 , 209.0 , 192.92 , 
890 , 178.0 , 212.0 , 193.6 , 
891 , 171.0 , 210.0 , 191.92 , 
892 , 175.0 , 215.0 , 190.86 , 
893 , 172.0 , 207.0 , 192.16 , 
894 , 178.0 , 212.0 , 191.36 , 
895 , 171.0 , 225.0 , 194.14 , 
896 , 168.0 , 214.0 , 192.42 , 
897 , 169.0 , 211.0 , 190.82 , 
898 , 172.0 , 208.0 , 190.52 , 
899 , 168.0 , 212.0 , 192.86 , 
900 , 177.0 , 219.0 , 192.8 , 
901 , 174.0 , 215.0 , 191.66 , 
902 , 163.0 , 208.0 , 191.4 , 
903 , 175.0 , 209.0 , 193.22 , 
904 , 175.0 , 216.0 , 192.88 , 
905 , 169.0 , 213.0 , 193.06 , 
906 , 177.0 , 209.0 , 192.5 , 
907 , 178.0 , 216.0 , 193.1 , 
908 , 178.0 , 215.0 , 192.78 , 
909 , 171.0 , 211.0 , 191.96 , 
910 , 173.0 , 212.0 , 192.88 , 
911 , 165.0 , 214.0 , 193.18 , 
912 , 172.0 , 211.0 , 192.76 , 
913 , 179.0 , 208.0 , 194.02 , 
914 , 173.0 , 206.0 , 191.24 , 
915 , 168.0 , 214.0 , 192.5 , 
916 , 177.0 , 213.0 , 191.54 , 
917 , 169.0 , 215.0 , 191.8 , 
918 , 177.0 , 211.0 , 192.86 , 
919 , 168.0 , 212.0 , 192.22 , 
920 , 174.0 , 208.0 , 194.6 , 
921 , 170.0 , 213.0 , 190.96 , 
922 , 177.0 , 215.0 , 192.44 , 
923 , 175.0 , 209.0 , 191.16 , 
924 , 178.0 , 210.0 , 192.48 , 
925 , 178.0 , 217.0 , 191.74 , 
926 , 166.0 , 208.0 , 190.58 , 
927 , 171.0 , 215.0 , 192.28 , 
928 , 168.0 , 206.0 , 189.98 , 
929 , 176.0 , 211.0 , 190.06 , 
930 , 174.0 , 211.0 , 191.38 , 
931 , 173.0 , 209.0 , 189.98 , 
932 , 163.0 , 204.0 , 189.48 , 
933 , 173.0 , 207.0 , 189.36 , 
934 , 171.0 , 212.0 , 189.62 , 
935 , 173.0 , 216.0 , 188.68 , 
936 , 168.0 , 214.0 , 192.68 , 
937 , 169.0 , 205.0 , 189.3 , 
938 , 174.0 , 210.0 , 191.92 , 
939 , 170.0 , 214.0 , 190.72 , 
940 , 173.0 , 212.0 , 191.44 , 
941 , 172.0 , 209.0 , 190.98 , 
942 , 171.0 , 208.0 , 190.88 , 
943 , 175.0 , 207.0 , 191.26 , 
944 , 173.0 , 213.0 , 191.32 , 
945 , 165.0 , 206.0 , 188.72 , 
946 , 173.0 , 214.0 , 190.86 , 
947 , 177.0 , 212.0 , 192.98 , 
948 , 172.0 , 209.0 , 192.36 , 
949 , 170.0 , 213.0 , 190.94 , 
950 , 168.0 , 209.0 , 188.98 , 
951 , 172.0 , 206.0 , 189.92 , 
952 , 175.0 , 212.0 , 189.52 , 
953 , 172.0 , 213.0 , 189.42 , 
954 , 171.0 , 215.0 , 191.5 , 
955 , 166.0 , 209.0 , 189.3 , 
956 , 173.0 , 206.0 , 190.0 , 
957 , 172.0 , 207.0 , 189.56 , 
958 , 175.0 , 210.0 , 189.7 , 
959 , 174.0 , 217.0 , 190.26 , 
960 , 170.0 , 203.0 , 190.74 , 
961 , 164.0 , 205.0 , 188.06 , 
962 , 171.0 , 214.0 , 190.62 , 
963 , 173.0 , 211.0 , 191.42 , 
964 , 171.0 , 204.0 , 187.4 , 
965 , 173.0 , 208.0 , 188.46 , 
966 , 171.0 , 215.0 , 191.36 , 
967 , 171.0 , 207.0 , 190.14 , 
968 , 174.0 , 211.0 , 189.84 , 
969 , 167.0 , 204.0 , 188.7 , 
970 , 167.0 , 211.0 , 189.22 , 
971 , 163.0 , 205.0 , 187.68 , 
972 , 173.0 , 212.0 , 190.82 , 
973 , 173.0 , 201.0 , 187.58 , 
974 , 171.0 , 205.0 , 188.76 , 
975 , 173.0 , 211.0 , 189.8 , 
976 , 171.0 , 209.0 , 189.3 , 
977 , 176.0 , 209.0 , 191.88 , 
978 , 169.0 , 212.0 , 189.4 , 
979 , 171.0 , 207.0 , 189.76 , 
980 , 176.0 , 204.0 , 189.52 , 
981 , 167.0 , 214.0 , 190.26 , 
982 , 169.0 , 213.0 , 190.38 , 
983 , 171.0 , 210.0 , 189.22 , 
984 , 165.0 , 208.0 , 189.74 , 
985 , 172.0 , 207.0 , 187.72 , 
986 , 170.0 , 205.0 , 190.48 , 
987 , 174.0 , 213.0 , 190.82 , 
988 , 169.0 , 217.0 , 190.1 , 
989 , 170.0 , 214.0 , 191.94 , 
990 , 170.0 , 215.0 , 188.14 , 
991 , 165.0 , 209.0 , 189.72 , 
992 , 175.0 , 210.0 , 190.18 , 
993 , 162.0 , 212.0 , 190.64 , 
994 , 167.0 , 207.0 , 190.04 , 
995 , 174.0 , 206.0 , 190.38 , 
996 , 179.0 , 209.0 , 191.74 , 
997 , 174.0 , 205.0 , 190.52 , 
998 , 171.0 , 205.0 , 187.76 , 
999 , 170.0 , 206.0 , 190.44 , 
1000 , 170.0 , 204.0 , 189.18 , 
1001 , 174.0 , 210.0 , 190.02 , 
1002 , 174.0 , 217.0 , 191.26 , 
1003 , 170.0 , 207.0 , 188.94 , 
1004 , 165.0 , 211.0 , 188.34 , 
1005 , 169.0 , 210.0 , 188.54 , 
1006 , 164.0 , 208.0 , 189.12 , 
1007 , 169.0 , 206.0 , 186.08 , 
1008 , 171.0 , 216.0 , 187.58 , 
1009 , 173.0 , 204.0 , 187.26 , 
1010 , 172.0 , 205.0 , 186.74 , 
1011 , 173.0 , 209.0 , 187.5 , 
1012 , 164.0 , 214.0 , 186.98 , 
1013 , 172.0 , 202.0 , 188.04 , 
1014 , 169.0 , 216.0 , 189.92 , 
1015 , 168.0 , 206.0 , 187.6 , 
1016 , 164.0 , 207.0 , 189.32 , 
1017 , 175.0 , 205.0 , 189.22 , 
1018 , 165.0 , 205.0 , 189.12 , 
1019 , 166.0 , 208.0 , 188.36 , 
1020 , 175.0 , 205.0 , 188.58 , 
1021 , 171.0 , 208.0 , 186.98 , 
1022 , 171.0 , 208.0 , 189.1 , 
1023 , 174.0 , 208.0 , 188.24 , 
1024 , 169.0 , 208.0 , 189.94 , 
1025 , 171.0 , 203.0 , 188.1 , 
1026 , 175.0 , 207.0 , 190.46 , 
1027 , 171.0 , 202.0 , 187.64 , 
1028 , 164.0 , 209.0 , 186.96 , 
1029 , 174.0 , 205.0 , 186.86 , 
1030 , 165.0 , 213.0 , 185.74 , 
1031 , 171.0 , 208.0 , 187.6 , 
1032 , 167.0 , 214.0 , 186.66 , 
1033 , 176.0 , 205.0 , 188.92 , 
1034 , 173.0 , 204.0 , 187.9 , 
1035 , 169.0 , 207.0 , 187.4 , 
1036 , 174.0 , 208.0 , 188.8 , 
1037 , 174.0 , 208.0 , 186.54 , 
1038 , 173.0 , 209.0 , 188.56 , 
1039 , 172.0 , 208.0 , 188.26 , 
1040 , 171.0 , 203.0 , 189.04 , 
1041 , 168.0 , 203.0 , 188.72 , 
1042 , 168.0 , 203.0 , 188.02 , 
1043 , 173.0 , 210.0 , 187.38 , 
1044 , 170.0 , 204.0 , 188.62 , 
1045 , 165.0 , 204.0 , 188.92 , 
1046 , 166.0 , 205.0 , 187.1 , 
1047 , 167.0 , 206.0 , 187.92 , 
1048 , 172.0 , 203.0 , 186.68 , 
1049 , 171.0 , 209.0 , 187.9 , 
1050 , 167.0 , 204.0 , 187.3 , 
1051 , 170.0 , 210.0 , 188.04 , 
1052 , 171.0 , 204.0 , 187.62 , 
1053 , 173.0 , 207.0 , 189.1 , 
1054 , 170.0 , 212.0 , 187.32 , 
1055 , 173.0 , 209.0 , 188.14 , 
1056 , 172.0 , 209.0 , 185.76 , 
1057 , 175.0 , 210.0 , 188.64 , 
1058 , 169.0 , 204.0 , 188.08 , 
1059 , 165.0 , 206.0 , 187.22 , 
1060 , 170.0 , 208.0 , 188.56 , 
1061 , 174.0 , 208.0 , 188.8 , 
1062 , 172.0 , 208.0 , 188.46 , 
1063 , 172.0 , 202.0 , 188.3 , 
1064 , 168.0 , 216.0 , 187.96 , 
1065 , 162.0 , 204.0 , 186.56 , 
1066 , 166.0 , 203.0 , 186.14 , 
1067 , 172.0 , 204.0 , 186.5 , 
1068 , 171.0 , 209.0 , 188.04 , 
1069 , 168.0 , 212.0 , 187.68 , 
1070 , 174.0 , 202.0 , 188.08 , 
1071 , 171.0 , 206.0 , 189.04 , 
1072 , 170.0 , 208.0 , 189.72 , 
1073 , 173.0 , 206.0 , 188.68 , 
1074 , 170.0 , 204.0 , 186.68 , 
1075 , 168.0 , 208.0 , 188.9 , 
1076 , 173.0 , 205.0 , 188.92 , 
1077 , 167.0 , 204.0 , 189.6 , 
1078 , 169.0 , 206.0 , 188.28 , 
1079 , 167.0 , 204.0 , 187.08 , 
1080 , 162.0 , 211.0 , 187.76 , 
1081 , 169.0 , 210.0 , 190.1 , 
1082 , 175.0 , 211.0 , 190.66 , 
1083 , 175.0 , 208.0 , 189.12 , 
1084 , 173.0 , 212.0 , 191.4 , 
1085 , 166.0 , 213.0 , 190.26 , 
1086 , 172.0 , 219.0 , 190.04 , 
1087 , 167.0 , 206.0 , 191.66 , 
1088 , 175.0 , 211.0 , 190.26 , 
1089 , 166.0 , 207.0 , 189.84 , 
1090 , 173.0 , 209.0 , 190.62 , 
1091 , 178.0 , 212.0 , 191.52 , 
1092 , 170.0 , 207.0 , 189.34 , 
1093 , 170.0 , 201.0 , 188.06 , 
1094 , 172.0 , 211.0 , 190.88 , 
1095 , 169.0 , 212.0 , 190.24 , 
1096 , 174.0 , 210.0 , 190.16 , 
1097 , 169.0 , 214.0 , 187.14 , 
1098 , 162.0 , 207.0 , 191.26 , 
1099 , 174.0 , 210.0 , 190.46 , 
1100 , 170.0 , 211.0 , 189.92 , 
1101 , 171.0 , 214.0 , 190.02 , 
1102 , 167.0 , 212.0 , 188.74 , 
1103 , 169.0 , 207.0 , 187.94 , 
1104 , 174.0 , 208.0 , 189.48 , 
1105 , 159.0 , 213.0 , 190.7 , 
1106 , 171.0 , 211.0 , 191.06 , 
1107 , 176.0 , 207.0 , 190.04 , 
1108 , 177.0 , 205.0 , 190.08 , 
1109 , 172.0 , 212.0 , 190.72 , 
1110 , 178.0 , 212.0 , 190.84 , 
1111 , 169.0 , 209.0 , 187.64 , 
1112 , 171.0 , 209.0 , 190.14 , 
1113 , 172.0 , 213.0 , 191.78 , 
1114 , 171.0 , 208.0 , 188.7 , 
1115 , 178.0 , 206.0 , 193.8 , 
1116 , 175.0 , 215.0 , 189.64 , 
1117 , 171.0 , 200.0 , 187.08 , 
1118 , 170.0 , 210.0 , 189.88 , 
1119 , 164.0 , 204.0 , 188.0 , 
1120 , 170.0 , 220.0 , 189.26 , 
1121 , 172.0 , 204.0 , 188.02 , 
1122 , 177.0 , 203.0 , 187.8 , 
1123 , 170.0 , 206.0 , 186.6 , 
1124 , 174.0 , 202.0 , 188.76 , 
1125 , 171.0 , 211.0 , 187.62 , 
1126 , 169.0 , 206.0 , 188.56 , 
1127 , 176.0 , 213.0 , 189.72 , 
1128 , 176.0 , 218.0 , 190.3 , 
1129 , 175.0 , 205.0 , 189.42 , 
1130 , 172.0 , 212.0 , 190.66 , 
1131 , 175.0 , 209.0 , 191.0 , 
1132 , 175.0 , 205.0 , 190.96 , 
1133 , 173.0 , 213.0 , 189.48 , 
1134 , 171.0 , 210.0 , 189.22 , 
1135 , 176.0 , 212.0 , 189.66 , 
1136 , 167.0 , 213.0 , 190.06 , 
1137 , 177.0 , 220.0 , 193.44 , 
1138 , 178.0 , 209.0 , 192.22 , 
1139 , 170.0 , 208.0 , 190.22 , 
1140 , 171.0 , 206.0 , 190.9 , 
1141 , 175.0 , 211.0 , 192.18 , 
1142 , 176.0 , 205.0 , 192.32 , 
1143 , 173.0 , 212.0 , 191.28 , 
1144 , 176.0 , 205.0 , 189.88 , 
1145 , 173.0 , 207.0 , 190.98 , 
1146 , 177.0 , 218.0 , 193.82 , 
1147 , 173.0 , 210.0 , 189.92 , 
1148 , 171.0 , 212.0 , 190.1 , 
1149 , 175.0 , 209.0 , 192.04 , 
1150 , 177.0 , 221.0 , 191.96 , 
1151 , 179.0 , 210.0 , 191.92 , 
1152 , 173.0 , 209.0 , 191.82 , 
1153 , 176.0 , 209.0 , 190.96 , 
1154 , 174.0 , 211.0 , 191.52 , 
1155 , 177.0 , 207.0 , 191.88 , 
1156 , 177.0 , 208.0 , 191.14 , 
1157 , 175.0 , 206.0 , 191.8 , 
1158 , 176.0 , 211.0 , 192.12 , 
1159 , 170.0 , 214.0 , 191.32 , 
1160 , 179.0 , 205.0 , 193.14 , 
1161 , 178.0 , 213.0 , 192.38 , 
1162 , 175.0 , 209.0 , 192.38 , 
1163 , 174.0 , 211.0 , 192.1 , 
1164 , 164.0 , 209.0 , 191.2 , 
1165 , 175.0 , 216.0 , 192.44 , 
1166 , 175.0 , 210.0 , 192.56 , 
1167 , 170.0 , 211.0 , 191.02 , 
1168 , 180.0 , 208.0 , 192.52 , 
1169 , 174.0 , 208.0 , 191.36 , 
1170 , 177.0 , 208.0 , 193.28 , 
1171 , 181.0 , 214.0 , 192.92 , 
1172 , 175.0 , 207.0 , 191.48 , 
1173 , 176.0 , 210.0 , 188.82 , 
1174 , 172.0 , 210.0 , 191.24 , 
1175 , 178.0 , 212.0 , 191.78 , 
1176 , 172.0 , 217.0 , 190.86 , 
1177 , 179.0 , 206.0 , 190.84 , 
1178 , 172.0 , 208.0 , 191.38 , 
1179 , 175.0 , 212.0 , 191.38 , 
1180 , 172.0 , 208.0 , 194.3 , 
1181 , 174.0 , 211.0 , 191.82 , 
1182 , 174.0 , 214.0 , 191.96 , 
1183 , 171.0 , 207.0 , 188.76 , 
1184 , 173.0 , 218.0 , 192.3 , 
1185 , 167.0 , 211.0 , 192.48 , 
1186 , 170.0 , 212.0 , 190.96 , 
1187 , 176.0 , 211.0 , 192.54 , 
1188 , 174.0 , 211.0 , 191.44 , 
1189 , 173.0 , 206.0 , 190.5 , 
1190 , 170.0 , 209.0 , 192.46 , 
1191 , 175.0 , 218.0 , 193.7 , 
1192 , 180.0 , 206.0 , 192.16 , 
1193 , 175.0 , 213.0 , 192.08 , 
1194 , 174.0 , 206.0 , 190.52 , 
1195 , 171.0 , 208.0 , 191.46 , 
1196 , 173.0 , 204.0 , 192.38 , 
1197 , 171.0 , 208.0 , 191.56 , 
1198 , 177.0 , 224.0 , 190.84 , 
1199 , 166.0 , 210.0 , 192.52 , 
1200 , 174.0 , 205.0 , 190.0 , 
1201 , 170.0 , 208.0 , 189.9 , 
1202 , 174.0 , 209.0 , 191.54 , 
1203 , 179.0 , 211.0 , 192.02 , 
1204 , 176.0 , 206.0 , 191.2 , 
1205 , 174.0 , 205.0 , 190.24 , 
1206 , 174.0 , 204.0 , 190.78 , 
1207 , 178.0 , 204.0 , 191.18 , 
1208 , 171.0 , 209.0 , 191.8 , 
1209 , 169.0 , 214.0 , 192.28 , 
1210 , 172.0 , 213.0 , 191.32 , 
1211 , 175.0 , 209.0 , 193.36 , 
1212 , 173.0 , 209.0 , 190.3 , 
1213 , 180.0 , 209.0 , 195.16 , 
1214 , 178.0 , 211.0 , 192.5 , 
1215 , 180.0 , 215.0 , 192.52 , 
1216 , 179.0 , 214.0 , 192.32 , 
1217 , 171.0 , 211.0 , 192.5 , 
1218 , 179.0 , 212.0 , 192.98 , 
1219 , 164.0 , 214.0 , 190.8 , 
1220 , 180.0 , 207.0 , 192.2 , 
1221 , 168.0 , 208.0 , 190.72 , 
1222 , 175.0 , 215.0 , 192.66 , 
1223 , 180.0 , 207.0 , 191.0 , 
1224 , 173.0 , 205.0 , 191.48 , 
1225 , 176.0 , 209.0 , 190.94 , 
1226 , 172.0 , 209.0 , 192.6 , 
1227 , 169.0 , 210.0 , 190.76 , 
1228 , 179.0 , 213.0 , 192.44 , 
1229 , 177.0 , 202.0 , 190.72 , 
1230 , 171.0 , 206.0 , 189.76 , 
1231 , 172.0 , 209.0 , 190.24 , 
1232 , 174.0 , 208.0 , 189.16 , 
1233 , 176.0 , 205.0 , 191.04 , 
1234 , 174.0 , 207.0 , 190.94 , 
1235 , 169.0 , 204.0 , 189.2 , 
1236 , 178.0 , 205.0 , 192.2 , 
1237 , 176.0 , 208.0 , 191.86 , 
1238 , 178.0 , 219.0 , 191.74 , 
1239 , 169.0 , 204.0 , 190.44 , 
1240 , 166.0 , 207.0 , 189.16 , 
1241 , 176.0 , 212.0 , 191.96 , 
1242 , 170.0 , 207.0 , 190.8 , 
1243 , 178.0 , 209.0 , 190.96 , 
1244 , 167.0 , 211.0 , 189.14 , 
1245 , 174.0 , 200.0 , 188.46 , 
1246 , 173.0 , 213.0 , 191.56 , 
1247 , 176.0 , 209.0 , 189.84 , 
1248 , 172.0 , 210.0 , 189.42 , 
1249 , 171.0 , 204.0 , 188.64 , 
1250 , 172.0 , 209.0 , 190.74 , 
1251 , 173.0 , 208.0 , 189.32 , 
1252 , 171.0 , 209.0 , 189.78 , 
1253 , 171.0 , 205.0 , 189.82 , 
1254 , 175.0 , 202.0 , 190.0 , 
1255 , 168.0 , 206.0 , 189.6 , 
1256 , 168.0 , 205.0 , 189.46 , 
1257 , 171.0 , 203.0 , 188.44 , 
1258 , 174.0 , 206.0 , 188.9 , 
1259 , 172.0 , 209.0 , 189.08 , 
1260 , 174.0 , 211.0 , 190.06 , 
1261 , 173.0 , 208.0 , 190.12 , 
1262 , 169.0 , 219.0 , 188.86 , 
1263 , 175.0 , 207.0 , 190.0 , 
1264 , 174.0 , 204.0 , 190.44 , 
1265 , 169.0 , 211.0 , 190.48 , 
1266 , 177.0 , 209.0 , 189.46 , 
1267 , 168.0 , 213.0 , 192.04 , 
1268 , 170.0 , 208.0 , 189.82 , 
1269 , 171.0 , 209.0 , 190.16 , 
1270 , 172.0 , 207.0 , 189.06 , 
1271 , 173.0 , 211.0 , 190.28 , 
1272 , 168.0 , 203.0 , 188.54 , 
1273 , 177.0 , 213.0 , 192.78 , 
1274 , 173.0 , 211.0 , 188.96 , 
1275 , 171.0 , 207.0 , 191.28 , 
1276 , 179.0 , 208.0 , 190.48 , 
1277 , 173.0 , 209.0 , 191.0 , 
1278 , 172.0 , 206.0 , 189.84 , 
1279 , 177.0 , 203.0 , 189.72 , 
1280 , 167.0 , 214.0 , 191.88 , 
1281 , 176.0 , 204.0 , 190.22 , 
1282 , 174.0 , 206.0 , 190.32 , 
1283 , 173.0 , 213.0 , 190.8 , 
1284 , 175.0 , 210.0 , 191.34 , 
1285 , 177.0 , 211.0 , 192.68 , 
1286 , 173.0 , 202.0 , 188.92 , 
1287 , 173.0 , 214.0 , 191.6 , 
1288 , 173.0 , 213.0 , 189.94 , 
1289 , 174.0 , 205.0 , 191.82 , 
1290 , 171.0 , 209.0 , 189.3 , 
1291 , 174.0 , 207.0 , 189.56 , 
1292 , 174.0 , 206.0 , 190.7 , 
1293 , 173.0 , 209.0 , 189.1 , 
1294 , 178.0 , 207.0 , 189.52 , 
1295 , 172.0 , 212.0 , 190.06 , 
1296 , 174.0 , 207.0 , 189.36 , 
1297 , 171.0 , 212.0 , 187.7 , 
1298 , 172.0 , 205.0 , 188.48 , 
1299 , 178.0 , 207.0 , 189.36 , 
1300 , 171.0 , 205.0 , 186.96 , 
1301 , 175.0 , 213.0 , 189.7 , 
1302 , 169.0 , 210.0 , 190.4 , 
1303 , 175.0 , 214.0 , 189.84 , 
1304 , 176.0 , 206.0 , 190.48 , 
1305 , 175.0 , 208.0 , 191.62 , 
1306 , 173.0 , 203.0 , 189.68 , 
1307 , 174.0 , 209.0 , 190.82 , 
1308 , 173.0 , 204.0 , 190.42 , 
1309 , 172.0 , 210.0 , 189.56 , 
1310 , 173.0 , 211.0 , 191.0 , 
1311 , 175.0 , 206.0 , 189.7 , 
1312 , 174.0 , 204.0 , 189.62 , 
1313 , 174.0 , 208.0 , 190.04 , 
1314 , 169.0 , 211.0 , 191.18 , 
1315 , 172.0 , 209.0 , 189.4 , 
1316 , 175.0 , 204.0 , 189.52 , 
1317 , 163.0 , 217.0 , 189.54 , 
1318 , 177.0 , 213.0 , 191.06 , 
1319 , 169.0 , 207.0 , 188.78 , 
1320 , 175.0 , 204.0 , 187.38 , 
1321 , 175.0 , 204.0 , 188.08 , 
1322 , 170.0 , 211.0 , 186.68 , 
1323 , 171.0 , 205.0 , 188.68 , 
1324 , 171.0 , 209.0 , 188.32 , 
1325 , 169.0 , 204.0 , 188.28 , 
1326 , 170.0 , 203.0 , 188.5 , 
1327 , 174.0 , 201.0 , 189.7 , 
1328 , 174.0 , 206.0 , 189.54 , 
1329 , 174.0 , 206.0 , 190.78 , 
1330 , 172.0 , 210.0 , 189.94 , 
1331 , 169.0 , 204.0 , 188.96 , 
1332 , 174.0 , 203.0 , 190.38 , 
1333 , 175.0 , 204.0 , 189.08 , 
1334 , 171.0 , 206.0 , 188.36 , 
1335 , 176.0 , 205.0 , 189.7 , 
1336 , 171.0 , 202.0 , 187.5 , 
1337 , 173.0 , 198.0 , 188.96 , 
1338 , 170.0 , 204.0 , 186.94 , 
1339 , 173.0 , 206.0 , 187.02 , 
1340 , 172.0 , 206.0 , 187.74 , 
1341 , 174.0 , 204.0 , 188.84 , 
1342 , 171.0 , 200.0 , 187.6 , 
1343 , 171.0 , 199.0 , 187.16 , 
1344 , 173.0 , 207.0 , 187.72 , 
1345 , 167.0 , 201.0 , 187.52 , 
1346 , 172.0 , 204.0 , 188.2 , 
1347 , 173.0 , 206.0 , 187.48 , 
1348 , 167.0 , 200.0 , 186.9 , 
1349 , 169.0 , 202.0 , 188.5 , 
1350 , 172.0 , 208.0 , 189.24 , 
1351 , 172.0 , 203.0 , 187.34 , 
1352 , 176.0 , 213.0 , 186.96 , 
1353 , 170.0 , 204.0 , 187.78 , 
1354 , 169.0 , 200.0 , 186.96 , 
1355 , 166.0 , 204.0 , 187.52 , 
1356 , 173.0 , 209.0 , 187.22 , 
1357 , 169.0 , 202.0 , 187.74 , 
1358 , 169.0 , 205.0 , 187.02 , 
1359 , 172.0 , 215.0 , 187.6 , 
1360 , 167.0 , 200.0 , 188.16 , 
1361 , 171.0 , 208.0 , 186.44 , 
1362 , 167.0 , 213.0 , 186.9 , 
1363 , 168.0 , 203.0 , 186.72 , 
1364 , 172.0 , 205.0 , 188.36 , 
1365 , 175.0 , 209.0 , 186.72 , 
1366 , 168.0 , 200.0 , 184.98 , 
1367 , 173.0 , 209.0 , 188.18 , 
1368 , 171.0 , 200.0 , 186.94 , 
1369 , 168.0 , 198.0 , 184.46 , 
1370 , 176.0 , 199.0 , 186.6 , 
1371 , 172.0 , 206.0 , 187.74 , 
1372 , 171.0 , 205.0 , 187.6 , 
1373 , 175.0 , 206.0 , 187.54 , 
1374 , 175.0 , 204.0 , 187.72 , 
1375 , 175.0 , 202.0 , 188.08 , 
1376 , 173.0 , 206.0 , 188.26 , 
1377 , 173.0 , 204.0 , 188.18 , 
1378 , 174.0 , 208.0 , 188.6 , 
1379 , 176.0 , 203.0 , 188.8 , 
1380 , 170.0 , 206.0 , 188.96 , 
1381 , 177.0 , 219.0 , 187.94 , 
1382 , 173.0 , 205.0 , 190.06 , 
1383 , 173.0 , 207.0 , 189.66 , 
1384 , 174.0 , 201.0 , 188.12 , 
1385 , 171.0 , 206.0 , 188.5 , 
1386 , 173.0 , 204.0 , 187.3 , 
1387 , 172.0 , 205.0 , 188.78 , 
1388 , 163.0 , 211.0 , 188.52 , 
1389 , 176.0 , 212.0 , 189.18 , 
1390 , 169.0 , 208.0 , 188.84 , 
1391 , 171.0 , 205.0 , 186.22 , 
1392 , 169.0 , 202.0 , 187.76 , 
1393 , 172.0 , 202.0 , 186.38 , 
1394 , 176.0 , 206.0 , 188.98 , 
1395 , 171.0 , 202.0 , 187.82 , 
1396 , 175.0 , 206.0 , 188.82 , 
1397 , 172.0 , 205.0 , 187.0 , 
1398 , 170.0 , 202.0 , 186.62 , 
1399 , 174.0 , 201.0 , 187.5 , 
1400 , 171.0 , 211.0 , 188.26 , 
1401 , 174.0 , 200.0 , 186.98 , 
1402 , 170.0 , 204.0 , 187.48 , 
1403 , 173.0 , 206.0 , 187.9 , 
1404 , 170.0 , 207.0 , 188.1 , 
1405 , 172.0 , 200.0 , 189.68 , 
1406 , 169.0 , 204.0 , 187.98 , 
1407 , 174.0 , 206.0 , 188.78 , 
1408 , 175.0 , 208.0 , 188.0 , 
1409 , 175.0 , 205.0 , 189.18 , 
1410 , 178.0 , 210.0 , 188.72 , 
1411 , 172.0 , 202.0 , 187.72 , 
1412 , 162.0 , 205.0 , 187.5 , 
1413 , 174.0 , 204.0 , 186.14 , 
1414 , 171.0 , 211.0 , 186.84 , 
1415 , 171.0 , 206.0 , 186.16 , 
1416 , 169.0 , 207.0 , 188.3 , 
1417 , 170.0 , 204.0 , 185.92 , 
1418 , 165.0 , 203.0 , 187.34 , 
1419 , 170.0 , 210.0 , 188.9 , 
1420 , 169.0 , 203.0 , 188.44 , 
1421 , 177.0 , 202.0 , 186.96 , 
1422 , 166.0 , 199.0 , 185.7 , 
1423 , 172.0 , 207.0 , 187.64 , 
1424 , 172.0 , 215.0 , 187.02 , 
1425 , 175.0 , 198.0 , 186.86 , 
1426 , 176.0 , 202.0 , 188.98 , 
1427 , 175.0 , 214.0 , 187.98 , 
1428 , 168.0 , 203.0 , 187.28 , 
1429 , 175.0 , 203.0 , 187.0 , 
1430 , 171.0 , 200.0 , 188.34 , 
1431 , 169.0 , 206.0 , 188.32 , 
1432 , 171.0 , 201.0 , 185.96 , 
1433 , 168.0 , 203.0 , 188.22 , 
1434 , 170.0 , 206.0 , 187.4 , 
1435 , 175.0 , 202.0 , 187.84 , 
1436 , 166.0 , 210.0 , 187.88 , 
1437 , 172.0 , 210.0 , 187.68 , 
1438 , 169.0 , 200.0 , 186.62 , 
1439 , 169.0 , 199.0 , 185.14 , 
1440 , 167.0 , 205.0 , 189.6 , 
1441 , 169.0 , 201.0 , 187.1 , 
1442 , 171.0 , 209.0 , 186.52 , 
1443 , 172.0 , 204.0 , 189.46 , 
1444 , 178.0 , 208.0 , 188.94 , 
1445 , 174.0 , 207.0 , 189.3 , 
1446 , 169.0 , 203.0 , 187.98 , 
1447 , 165.0 , 204.0 , 187.08 , 
1448 , 170.0 , 207.0 , 187.16 , 
1449 , 170.0 , 206.0 , 188.54 , 
1450 , 178.0 , 208.0 , 189.06 , 
1451 , 168.0 , 205.0 , 189.52 , 
1452 , 175.0 , 215.0 , 188.48 , 
1453 , 176.0 , 209.0 , 188.94 , 
1454 , 175.0 , 203.0 , 188.16 , 
1455 , 174.0 , 206.0 , 187.68 , 
1456 , 168.0 , 205.0 , 188.32 , 
1457 , 171.0 , 208.0 , 187.76 , 
1458 , 170.0 , 216.0 , 190.74 , 
1459 , 169.0 , 209.0 , 187.92 , 
1460 , 175.0 , 200.0 , 188.2 , 
1461 , 176.0 , 200.0 , 188.5 , 
1462 , 171.0 , 199.0 , 186.42 , 
1463 , 173.0 , 209.0 , 188.4 , 
1464 , 173.0 , 207.0 , 188.06 , 
1465 , 169.0 , 206.0 , 187.8 , 
1466 , 171.0 , 205.0 , 186.68 , 
1467 , 168.0 , 199.0 , 186.48 , 
1468 , 171.0 , 202.0 , 187.34 , 
1469 , 174.0 , 202.0 , 187.74 , 
1470 , 175.0 , 203.0 , 186.5 , 
1471 , 169.0 , 204.0 , 186.28 , 
1472 , 176.0 , 212.0 , 186.92 , 
1473 , 171.0 , 207.0 , 187.94 , 
1474 , 172.0 , 201.0 , 185.96 , 
1475 , 169.0 , 203.0 , 187.14 , 
1476 , 169.0 , 201.0 , 186.92 , 
1477 , 167.0 , 204.0 , 185.26 , 
1478 , 169.0 , 201.0 , 186.62 , 
1479 , 170.0 , 209.0 , 186.68 , 
1480 , 170.0 , 202.0 , 186.4 , 
1481 , 172.0 , 207.0 , 187.46 , 
1482 , 170.0 , 202.0 , 186.06 , 
1483 , 174.0 , 214.0 , 189.02 , 
1484 , 167.0 , 201.0 , 186.6 , 
1485 , 170.0 , 203.0 , 184.62 , 
1486 , 168.0 , 199.0 , 184.82 , 
1487 , 173.0 , 204.0 , 184.98 , 
1488 , 172.0 , 209.0 , 186.26 , 
1489 , 168.0 , 201.0 , 186.52 , 
1490 , 171.0 , 200.0 , 184.68 , 
1491 , 171.0 , 199.0 , 185.4 , 
1492 , 173.0 , 202.0 , 187.08 , 
1493 , 166.0 , 197.0 , 184.56 , 
1494 , 173.0 , 208.0 , 184.7 , 
1495 , 169.0 , 204.0 , 184.98 , 
1496 , 159.0 , 202.0 , 184.7 , 
1497 , 174.0 , 201.0 , 186.9 , 
1498 , 169.0 , 201.0 , 186.1 , 
1499 , 171.0 , 206.0 , 186.6 , 
1500 , 164.0 , 209.0 , 186.84 , 
1501 , 170.0 , 199.0 , 185.62 , 
1502 , 170.0 , 204.0 , 185.64 , 
1503 , 172.0 , 201.0 , 184.9 , 
1504 , 167.0 , 216.0 , 187.4 , 
1505 , 164.0 , 210.0 , 186.3 , 
1506 , 173.0 , 198.0 , 185.04 , 
1507 , 169.0 , 207.0 , 185.8 , 
1508 , 166.0 , 198.0 , 185.72 , 
1509 , 170.0 , 202.0 , 186.42 , 
1510 , 161.0 , 208.0 , 185.46 , 
1511 , 168.0 , 206.0 , 184.26 , 
1512 , 170.0 , 206.0 , 185.48 , 
1513 , 169.0 , 198.0 , 184.5 , 
1514 , 169.0 , 204.0 , 185.14 , 
1515 , 169.0 , 199.0 , 184.14 , 
1516 , 167.0 , 204.0 , 184.86 , 
1517 , 172.0 , 197.0 , 184.74 , 
1518 , 172.0 , 204.0 , 185.7 , 
1519 , 171.0 , 203.0 , 183.42 , 
1520 , 168.0 , 210.0 , 186.08 , 
1521 , 168.0 , 208.0 , 185.52 , 
1522 , 170.0 , 199.0 , 184.54 , 
1523 , 170.0 , 202.0 , 185.38 , 
1524 , 175.0 , 198.0 , 185.7 , 
1525 , 166.0 , 196.0 , 183.46 , 
1526 , 168.0 , 201.0 , 184.88 , 
1527 , 168.0 , 207.0 , 184.3 , 
1528 , 165.0 , 194.0 , 183.16 , 
1529 , 173.0 , 195.0 , 183.46 , 
1530 , 174.0 , 203.0 , 186.48 , 
1531 , 164.0 , 200.0 , 185.24 , 
1532 , 164.0 , 210.0 , 185.88 , 
1533 , 171.0 , 200.0 , 184.4 , 
1534 , 174.0 , 204.0 , 186.38 , 
1535 , 171.0 , 197.0 , 185.42 , 
1536 , 170.0 , 203.0 , 185.48 , 
1537 , 169.0 , 198.0 , 184.66 , 
1538 , 172.0 , 208.0 , 186.26 , 
1539 , 168.0 , 200.0 , 184.74 , 
1540 , 171.0 , 205.0 , 186.0 , 
1541 , 170.0 , 202.0 , 185.7 , 
1542 , 170.0 , 205.0 , 185.84 , 
1543 , 163.0 , 207.0 , 186.28 , 
1544 , 172.0 , 204.0 , 184.16 , 
1545 , 168.0 , 201.0 , 183.92 , 
1546 , 171.0 , 199.0 , 185.08 , 
1547 , 166.0 , 205.0 , 186.18 , 
1548 , 168.0 , 200.0 , 184.7 , 
1549 , 165.0 , 199.0 , 184.68 , 
1550 , 171.0 , 210.0 , 187.6 , 
1551 , 169.0 , 207.0 , 185.28 , 
1552 , 170.0 , 211.0 , 186.48 , 
1553 , 170.0 , 209.0 , 185.28 , 
1554 , 174.0 , 205.0 , 185.42 , 
1555 , 174.0 , 202.0 , 184.8 , 
1556 , 169.0 , 200.0 , 186.26 , 
1557 , 171.0 , 213.0 , 185.38 , 
1558 , 172.0 , 208.0 , 185.84 , 
1559 , 168.0 , 197.0 , 185.32 , 
1560 , 175.0 , 205.0 , 187.04 , 
1561 , 176.0 , 201.0 , 186.88 , 
1562 , 169.0 , 207.0 , 186.88 , 
1563 , 171.0 , 215.0 , 185.7 , 
1564 , 173.0 , 208.0 , 187.96 , 
1565 , 172.0 , 201.0 , 186.98 , 
1566 , 168.0 , 204.0 , 185.96 , 
1567 , 167.0 , 206.0 , 187.12 , 
1568 , 167.0 , 205.0 , 187.78 , 
1569 , 171.0 , 203.0 , 186.46 , 
1570 , 164.0 , 209.0 , 188.34 , 
1571 , 173.0 , 211.0 , 187.46 , 
1572 , 167.0 , 202.0 , 187.12 , 
1573 , 169.0 , 204.0 , 185.04 , 
1574 , 172.0 , 202.0 , 186.42 , 
1575 , 171.0 , 206.0 , 184.76 , 
1576 , 161.0 , 201.0 , 184.12 , 
1577 , 173.0 , 203.0 , 187.42 , 
1578 , 168.0 , 210.0 , 186.46 , 
1579 , 167.0 , 203.0 , 187.16 , 
1580 , 169.0 , 208.0 , 186.58 , 
1581 , 170.0 , 202.0 , 186.52 , 
1582 , 166.0 , 202.0 , 186.98 , 
1583 , 167.0 , 204.0 , 186.0 , 
1584 , 168.0 , 196.0 , 183.54 , 
1585 , 169.0 , 204.0 , 186.42 , 
1586 , 171.0 , 209.0 , 185.82 , 
1587 , 171.0 , 204.0 , 186.66 , 
1588 , 170.0 , 202.0 , 186.72 , 
1589 , 174.0 , 203.0 , 188.78 , 
1590 , 171.0 , 203.0 , 186.72 , 
1591 , 174.0 , 208.0 , 187.76 , 
1592 , 170.0 , 203.0 , 186.3 , 
1593 , 167.0 , 204.0 , 185.62 , 
1594 , 171.0 , 205.0 , 185.44 , 
1595 , 166.0 , 204.0 , 184.86 , 
1596 , 167.0 , 201.0 , 185.76 , 
1597 , 167.0 , 204.0 , 185.04 , 
1598 , 168.0 , 196.0 , 183.5 , 
1599 , 169.0 , 209.0 , 183.7 , 
1600 , 168.0 , 201.0 , 184.24 , 
1601 , 173.0 , 200.0 , 184.88 , 
1602 , 170.0 , 205.0 , 185.88 , 
1603 , 165.0 , 201.0 , 183.2 , 
1604 , 171.0 , 202.0 , 186.54 , 
1605 , 166.0 , 197.0 , 183.6 , 
1606 , 169.0 , 205.0 , 184.64 , 
1607 , 168.0 , 203.0 , 184.28 , 
1608 , 170.0 , 198.0 , 184.52 , 
1609 , 162.0 , 198.0 , 184.0 , 
1610 , 172.0 , 202.0 , 186.12 , 
1611 , 171.0 , 200.0 , 184.58 , 
1612 , 171.0 , 203.0 , 185.68 , 
1613 , 170.0 , 201.0 , 185.38 , 
1614 , 171.0 , 201.0 , 184.1 , 
1615 , 171.0 , 201.0 , 185.08 , 
1616 , 165.0 , 198.0 , 184.32 , 
1617 , 173.0 , 204.0 , 187.0 , 
1618 , 169.0 , 202.0 , 183.96 , 
1619 , 171.0 , 199.0 , 186.28 , 
1620 , 168.0 , 206.0 , 185.52 , 
1621 , 167.0 , 202.0 , 185.5 , 
1622 , 163.0 , 200.0 , 184.48 , 
1623 , 170.0 , 202.0 , 185.66 , 
1624 , 164.0 , 203.0 , 185.5 , 
1625 , 171.0 , 202.0 , 185.56 , 
1626 , 169.0 , 204.0 , 183.82 , 
1627 , 167.0 , 206.0 , 185.06 , 
1628 , 171.0 , 204.0 , 185.14 , 
1629 , 166.0 , 205.0 , 186.76 , 
1630 , 163.0 , 201.0 , 184.88 , 
1631 , 169.0 , 207.0 , 185.04 , 
1632 , 169.0 , 202.0 , 185.0 , 
1633 , 168.0 , 216.0 , 185.56 , 
1634 , 165.0 , 199.0 , 184.96 , 
1635 , 167.0 , 196.0 , 184.88 , 
1636 , 168.0 , 202.0 , 186.84 , 
1637 , 168.0 , 202.0 , 185.96 , 
1638 , 171.0 , 215.0 , 186.04 , 
1639 , 175.0 , 206.0 , 186.6 , 
1640 , 170.0 , 203.0 , 184.18 , 
1641 , 158.0 , 201.0 , 184.28 , 
1642 , 167.0 , 201.0 , 184.58 , 
1643 , 170.0 , 199.0 , 186.3 , 
1644 , 166.0 , 198.0 , 182.68 , 
1645 , 160.0 , 209.0 , 184.94 , 
1646 , 169.0 , 208.0 , 184.76 , 
1647 , 168.0 , 211.0 , 182.84 , 
1648 , 170.0 , 198.0 , 186.2 , 
1649 , 166.0 , 197.0 , 182.16 , 
1650 , 166.0 , 201.0 , 184.86 , 
1651 , 170.0 , 198.0 , 184.34 , 
1652 , 171.0 , 199.0 , 183.78 , 
1653 , 169.0 , 202.0 , 184.04 , 
1654 , 167.0 , 210.0 , 184.72 , 
1655 , 176.0 , 205.0 , 186.1 , 
1656 , 167.0 , 195.0 , 183.74 , 
1657 , 171.0 , 202.0 , 184.42 , 
1658 , 168.0 , 197.0 , 183.24 , 
1659 , 171.0 , 202.0 , 184.52 , 
1660 , 169.0 , 209.0 , 184.0 , 
1661 , 170.0 , 202.0 , 184.06 , 
1662 , 167.0 , 197.0 , 184.72 , 
1663 , 170.0 , 198.0 , 184.0 , 
1664 , 174.0 , 197.0 , 185.62 , 
1665 , 168.0 , 197.0 , 184.32 , 
1666 , 167.0 , 196.0 , 182.36 , 
1667 , 170.0 , 199.0 , 184.46 , 
1668 , 170.0 , 199.0 , 185.02 , 
1669 , 168.0 , 205.0 , 184.42 , 
1670 , 172.0 , 201.0 , 184.56 , 
1671 , 165.0 , 206.0 , 184.84 , 
1672 , 168.0 , 201.0 , 186.18 , 
1673 , 175.0 , 202.0 , 186.12 , 
1674 , 167.0 , 203.0 , 183.84 , 
1675 , 168.0 , 198.0 , 182.18 , 
1676 , 171.0 , 206.0 , 184.26 , 
1677 , 166.0 , 206.0 , 185.8 , 
1678 , 166.0 , 205.0 , 184.86 , 
1679 , 165.0 , 198.0 , 184.98 , 
1680 , 170.0 , 199.0 , 183.96 , 
1681 , 164.0 , 202.0 , 185.18 , 
1682 , 169.0 , 202.0 , 186.74 , 
1683 , 162.0 , 206.0 , 184.2 , 
1684 , 169.0 , 205.0 , 187.02 , 
1685 , 170.0 , 208.0 , 184.68 , 
1686 , 165.0 , 206.0 , 184.22 , 
1687 , 171.0 , 199.0 , 183.66 , 
1688 , 167.0 , 206.0 , 184.42 , 
1689 , 172.0 , 199.0 , 186.28 , 
1690 , 165.0 , 203.0 , 185.14 , 
1691 , 163.0 , 199.0 , 185.2 , 
1692 , 169.0 , 206.0 , 184.32 , 
1693 , 168.0 , 203.0 , 184.38 , 
1694 , 173.0 , 212.0 , 185.48 , 
1695 , 170.0 , 201.0 , 184.36 , 
1696 , 167.0 , 201.0 , 183.98 , 
1697 , 166.0 , 203.0 , 185.78 , 
1698 , 166.0 , 204.0 , 184.2 , 
1699 , 171.0 , 198.0 , 185.78 , 
1700 , 169.0 , 200.0 , 183.66 , 
1701 , 166.0 , 199.0 , 183.42 , 
1702 , 163.0 , 202.0 , 183.28 , 
1703 , 166.0 , 211.0 , 185.5 , 
1704 , 166.0 , 202.0 , 184.2 , 
1705 , 165.0 , 199.0 , 184.38 , 
1706 , 169.0 , 198.0 , 184.82 , 
1707 , 171.0 , 204.0 , 184.84 , 
1708 , 170.0 , 198.0 , 185.4 , 
1709 , 170.0 , 200.0 , 184.74 , 
1710 , 165.0 , 204.0 , 183.74 , 
1711 , 170.0 , 194.0 , 184.38 , 
1712 , 168.0 , 196.0 , 182.0 , 
1713 , 164.0 , 202.0 , 183.42 , 
1714 , 170.0 , 198.0 , 182.82 , 
1715 , 160.0 , 201.0 , 183.66 , 
1716 , 163.0 , 198.0 , 182.72 , 
1717 , 175.0 , 201.0 , 184.26 , 
1718 , 171.0 , 208.0 , 184.1 , 
1719 , 167.0 , 200.0 , 182.62 , 
1720 , 168.0 , 199.0 , 182.08 , 
1721 , 171.0 , 197.0 , 182.96 , 
1722 , 170.0 , 202.0 , 183.46 , 
1723 , 164.0 , 198.0 , 182.58 , 
1724 , 172.0 , 199.0 , 182.84 , 
1725 , 168.0 , 197.0 , 182.9 , 
1726 , 169.0 , 196.0 , 182.64 , 
1727 , 154.0 , 203.0 , 181.64 , 
1728 , 169.0 , 195.0 , 181.58 , 
1729 , 165.0 , 207.0 , 182.74 , 
1730 , 170.0 , 198.0 , 181.98 , 
1731 , 166.0 , 197.0 , 182.38 , 
1732 , 168.0 , 198.0 , 181.74 , 
1733 , 168.0 , 207.0 , 183.64 , 
1734 , 160.0 , 206.0 , 183.8 , 
1735 , 168.0 , 206.0 , 185.42 , 
1736 , 166.0 , 199.0 , 183.74 , 
1737 , 173.0 , 199.0 , 184.6 , 
1738 , 171.0 , 197.0 , 182.46 , 
1739 , 168.0 , 196.0 , 182.66 , 
1740 , 168.0 , 203.0 , 183.78 , 
1741 , 166.0 , 201.0 , 184.76 , 
1742 , 162.0 , 200.0 , 183.36 , 
1743 , 167.0 , 202.0 , 183.88 , 
1744 , 170.0 , 194.0 , 182.02 , 
1745 , 163.0 , 201.0 , 182.42 , 
1746 , 169.0 , 199.0 , 182.44 , 
1747 , 166.0 , 198.0 , 183.7 , 
1748 , 172.0 , 204.0 , 184.92 , 
1749 , 166.0 , 196.0 , 183.4 , 
1750 , 166.0 , 197.0 , 183.1 , 
1751 , 163.0 , 195.0 , 182.52 , 
1752 , 164.0 , 199.0 , 184.26 , 
1753 , 169.0 , 209.0 , 184.48 , 
1754 , 172.0 , 194.0 , 183.52 , 
1755 , 167.0 , 197.0 , 184.26 , 
1756 , 169.0 , 199.0 , 184.46 , 
1757 , 165.0 , 200.0 , 184.9 , 
1758 , 169.0 , 202.0 , 184.48 , 
1759 , 169.0 , 200.0 , 184.24 , 
1760 , 170.0 , 199.0 , 183.98 , 
1761 , 172.0 , 205.0 , 185.26 , 
1762 , 169.0 , 206.0 , 184.5 , 
1763 , 168.0 , 198.0 , 183.88 , 
1764 , 170.0 , 199.0 , 184.8 , 
1765 , 171.0 , 200.0 , 185.8 , 
1766 , 170.0 , 201.0 , 185.34 , 
1767 , 173.0 , 202.0 , 185.36 , 
1768 , 168.0 , 201.0 , 185.7 , 
1769 , 167.0 , 194.0 , 183.54 , 
1770 , 169.0 , 203.0 , 187.06 , 
1771 , 174.0 , 202.0 , 185.18 , 
1772 , 164.0 , 197.0 , 183.64 , 
1773 , 168.0 , 199.0 , 185.12 , 
1774 , 166.0 , 204.0 , 184.76 , 
1775 , 167.0 , 198.0 , 183.52 , 
1776 , 170.0 , 201.0 , 184.52 , 
1777 , 171.0 , 198.0 , 184.3 , 
1778 , 168.0 , 197.0 , 184.06 , 
1779 , 173.0 , 199.0 , 183.88 , 
1780 , 167.0 , 200.0 , 183.92 , 
1781 , 170.0 , 203.0 , 185.26 , 
1782 , 169.0 , 196.0 , 182.82 , 
1783 , 169.0 , 201.0 , 183.74 , 
1784 , 165.0 , 211.0 , 185.46 , 
1785 , 167.0 , 197.0 , 183.22 , 
1786 , 170.0 , 199.0 , 184.88 , 
1787 , 164.0 , 201.0 , 185.58 , 
1788 , 164.0 , 197.0 , 184.3 , 
1789 , 168.0 , 203.0 , 185.3 , 
1790 , 166.0 , 197.0 , 183.42 , 
1791 , 167.0 , 213.0 , 184.38 , 
1792 , 163.0 , 204.0 , 183.08 , 
1793 , 169.0 , 199.0 , 183.26 , 
1794 , 172.0 , 198.0 , 183.64 , 
1795 , 169.0 , 197.0 , 183.12 , 
1796 , 168.0 , 206.0 , 184.96 , 
1797 , 174.0 , 200.0 , 184.46 , 
1798 , 174.0 , 201.0 , 184.32 , 
1799 , 172.0 , 197.0 , 184.24 , 
1800 , 161.0 , 198.0 , 184.04 , 
1801 , 168.0 , 210.0 , 185.44 , 
1802 , 170.0 , 200.0 , 182.64 , 
1803 , 166.0 , 195.0 , 183.24 , 
1804 , 171.0 , 199.0 , 184.42 , 
1805 , 170.0 , 204.0 , 185.26 , 
1806 , 176.0 , 197.0 , 184.78 , 
1807 , 159.0 , 200.0 , 183.36 , 
1808 , 168.0 , 212.0 , 184.36 , 
1809 , 172.0 , 202.0 , 184.84 , 
1810 , 163.0 , 201.0 , 184.96 , 
1811 , 166.0 , 201.0 , 182.66 , 
1812 , 162.0 , 204.0 , 183.44 , 
1813 , 163.0 , 205.0 , 183.44 , 
1814 , 171.0 , 198.0 , 183.62 , 
1815 , 166.0 , 206.0 , 183.16 , 
1816 , 162.0 , 200.0 , 184.42 , 
1817 , 170.0 , 199.0 , 186.24 , 
1818 , 163.0 , 205.0 , 184.0 , 
1819 , 166.0 , 205.0 , 182.72 , 
1820 , 166.0 , 196.0 , 182.76 , 
1821 , 167.0 , 203.0 , 182.76 , 
1822 , 173.0 , 202.0 , 184.62 , 
1823 , 169.0 , 200.0 , 184.5 , 
1824 , 173.0 , 202.0 , 185.4 , 
1825 , 166.0 , 205.0 , 184.92 , 
1826 , 174.0 , 198.0 , 184.34 , 
1827 , 166.0 , 200.0 , 182.74 , 
1828 , 168.0 , 198.0 , 184.42 , 
1829 , 166.0 , 200.0 , 184.0 , 
1830 , 173.0 , 198.0 , 186.1 , 
1831 , 169.0 , 201.0 , 184.6 , 
1832 , 170.0 , 195.0 , 183.34 , 
1833 , 165.0 , 198.0 , 184.56 , 
1834 , 174.0 , 199.0 , 184.46 , 
1835 , 169.0 , 212.0 , 184.34 , 
1836 , 170.0 , 199.0 , 185.54 , 
1837 , 174.0 , 207.0 , 185.54 , 
1838 , 169.0 , 199.0 , 183.62 , 
1839 , 166.0 , 201.0 , 184.36 , 
1840 , 169.0 , 201.0 , 184.08 , 
1841 , 172.0 , 203.0 , 183.5 , 
1842 , 166.0 , 199.0 , 184.12 , 
1843 , 168.0 , 197.0 , 184.6 , 
1844 , 170.0 , 202.0 , 186.06 , 
1845 , 162.0 , 205.0 , 183.92 , 
1846 , 167.0 , 200.0 , 185.0 , 
1847 , 171.0 , 201.0 , 185.4 , 
1848 , 175.0 , 197.0 , 184.74 , 
1849 , 167.0 , 196.0 , 184.54 , 
1850 , 168.0 , 205.0 , 184.74 , 
1851 , 172.0 , 204.0 , 185.22 , 
1852 , 172.0 , 199.0 , 186.54 , 
1853 , 169.0 , 205.0 , 184.66 , 
1854 , 172.0 , 200.0 , 184.16 , 
1855 , 169.0 , 203.0 , 185.96 , 
1856 , 175.0 , 197.0 , 184.38 , 
1857 , 166.0 , 203.0 , 185.5 , 
1858 , 170.0 , 195.0 , 184.7 , 
1859 , 174.0 , 201.0 , 184.2 , 
1860 , 173.0 , 206.0 , 185.34 , 
1861 , 169.0 , 203.0 , 185.38 , 
1862 , 170.0 , 199.0 , 184.06 , 
1863 , 170.0 , 199.0 , 183.58 , 
1864 , 172.0 , 200.0 , 184.92 , 
1865 , 169.0 , 199.0 , 183.06 , 
1866 , 171.0 , 209.0 , 186.42 , 
1867 , 172.0 , 204.0 , 184.56 , 
1868 , 165.0 , 207.0 , 183.64 , 
1869 , 167.0 , 202.0 , 182.88 , 
1870 , 166.0 , 204.0 , 183.68 , 
1871 , 168.0 , 197.0 , 182.64 , 
1872 , 164.0 , 199.0 , 183.5 , 
1873 , 168.0 , 196.0 , 183.02 , 
1874 , 171.0 , 203.0 , 183.92 , 
1875 , 165.0 , 199.0 , 183.2 , 
1876 , 171.0 , 202.0 , 182.7 , 
1877 , 168.0 , 205.0 , 184.88 , 
1878 , 164.0 , 199.0 , 184.34 , 
1879 , 166.0 , 203.0 , 183.16 , 
1880 , 173.0 , 203.0 , 185.48 , 
1881 , 170.0 , 204.0 , 184.62 , 
1882 , 169.0 , 200.0 , 185.78 , 
1883 , 176.0 , 204.0 , 186.62 , 
1884 , 173.0 , 201.0 , 184.4 , 
1885 , 166.0 , 203.0 , 184.88 , 
1886 , 171.0 , 198.0 , 184.8 , 
1887 , 167.0 , 202.0 , 186.36 , 
1888 , 172.0 , 202.0 , 186.36 , 
1889 , 170.0 , 199.0 , 184.76 , 
1890 , 169.0 , 211.0 , 186.22 , 
1891 , 172.0 , 208.0 , 186.6 , 
1892 , 172.0 , 199.0 , 185.88 , 
1893 , 167.0 , 206.0 , 185.06 , 
1894 , 167.0 , 201.0 , 185.62 , 
1895 , 165.0 , 200.0 , 185.48 , 
1896 , 168.0 , 202.0 , 185.78 , 
1897 , 171.0 , 198.0 , 184.48 , 
1898 , 168.0 , 201.0 , 185.38 , 
1899 , 172.0 , 199.0 , 185.96 , 
1900 , 174.0 , 202.0 , 185.44 , 
1901 , 174.0 , 202.0 , 185.52 , 
1902 , 171.0 , 202.0 , 185.3 , 
1903 , 171.0 , 198.0 , 185.1 , 
1904 , 171.0 , 199.0 , 185.38 , 
1905 , 170.0 , 199.0 , 184.62 , 
1906 , 170.0 , 198.0 , 184.34 , 
1907 , 172.0 , 198.0 , 184.98 , 
1908 , 169.0 , 200.0 , 186.3 , 
1909 , 168.0 , 203.0 , 184.96 , 
1910 , 170.0 , 206.0 , 186.56 , 
1911 , 169.0 , 199.0 , 184.68 , 
1912 , 167.0 , 200.0 , 184.28 , 
1913 , 170.0 , 205.0 , 184.72 , 
1914 , 170.0 , 203.0 , 185.16 , 
1915 , 174.0 , 201.0 , 185.86 , 
1916 , 170.0 , 200.0 , 186.54 , 
1917 , 170.0 , 208.0 , 185.56 , 
1918 , 173.0 , 204.0 , 184.48 , 
1919 , 175.0 , 202.0 , 186.1 , 
1920 , 168.0 , 203.0 , 185.14 , 
1921 , 169.0 , 202.0 , 184.58 , 
1922 , 173.0 , 199.0 , 185.38 , 
1923 , 172.0 , 200.0 , 184.78 , 
1924 , 175.0 , 200.0 , 185.68 , 
1925 , 173.0 , 198.0 , 185.06 , 
1926 , 172.0 , 200.0 , 186.08 , 
1927 , 169.0 , 199.0 , 184.28 , 
1928 , 163.0 , 198.0 , 184.88 , 
1929 , 169.0 , 197.0 , 184.44 , 
1930 , 166.0 , 198.0 , 183.5 , 
1931 , 171.0 , 202.0 , 185.06 , 
1932 , 173.0 , 202.0 , 186.84 , 
1933 , 173.0 , 204.0 , 185.22 , 
1934 , 171.0 , 203.0 , 185.42 , 
1935 , 169.0 , 198.0 , 185.82 , 
1936 , 167.0 , 207.0 , 186.44 , 
1937 , 172.0 , 207.0 , 187.44 , 
1938 , 176.0 , 208.0 , 188.82 , 
1939 , 168.0 , 201.0 , 186.92 , 
1940 , 172.0 , 198.0 , 185.52 , 
1941 , 175.0 , 211.0 , 186.56 , 
1942 , 176.0 , 199.0 , 185.94 , 
1943 , 171.0 , 205.0 , 184.7 , 
1944 , 169.0 , 204.0 , 186.58 , 
1945 , 172.0 , 198.0 , 185.96 , 
1946 , 175.0 , 198.0 , 185.24 , 
1947 , 166.0 , 202.0 , 184.46 , 
1948 , 169.0 , 208.0 , 186.28 , 
1949 , 170.0 , 201.0 , 185.2 , 
1950 , 160.0 , 199.0 , 186.28 , 
1951 , 173.0 , 201.0 , 185.86 , 
1952 , 168.0 , 205.0 , 184.74 , 
1953 , 169.0 , 202.0 , 185.64 , 
1954 , 172.0 , 203.0 , 186.3 , 
1955 , 171.0 , 200.0 , 185.4 , 
1956 , 170.0 , 201.0 , 186.36 , 
1957 , 174.0 , 199.0 , 186.38 , 
1958 , 170.0 , 204.0 , 186.06 , 
1959 , 174.0 , 202.0 , 187.18 , 
1960 , 173.0 , 208.0 , 187.74 , 
1961 , 173.0 , 198.0 , 186.56 , 
1962 , 172.0 , 206.0 , 187.56 , 
1963 , 178.0 , 202.0 , 187.72 , 
1964 , 172.0 , 208.0 , 187.78 , 
1965 , 174.0 , 212.0 , 187.82 , 
1966 , 173.0 , 202.0 , 186.14 , 
1967 , 177.0 , 205.0 , 187.26 , 
1968 , 171.0 , 201.0 , 188.62 , 
1969 , 172.0 , 201.0 , 187.0 , 
1970 , 171.0 , 201.0 , 187.88 , 
1971 , 175.0 , 203.0 , 188.0 , 
1972 , 171.0 , 199.0 , 186.98 , 
1973 , 177.0 , 196.0 , 186.18 , 
1974 , 172.0 , 203.0 , 186.42 , 
1975 , 172.0 , 205.0 , 187.58 , 
1976 , 170.0 , 202.0 , 186.6 , 
1977 , 170.0 , 198.0 , 186.72 , 
1978 , 169.0 , 202.0 , 187.04 , 
1979 , 174.0 , 205.0 , 188.34 , 
1980 , 162.0 , 203.0 , 184.76 , 
1981 , 170.0 , 203.0 , 187.88 , 
1982 , 170.0 , 197.0 , 186.34 , 
1983 , 174.0 , 197.0 , 185.72 , 
1984 , 173.0 , 206.0 , 186.8 , 
1985 , 174.0 , 205.0 , 187.42 , 
1986 , 172.0 , 201.0 , 185.98 , 
1987 , 170.0 , 205.0 , 185.5 , 
1988 , 172.0 , 209.0 , 187.24 , 
1989 , 174.0 , 202.0 , 186.54 , 
1990 , 174.0 , 198.0 , 186.96 , 
1991 , 168.0 , 205.0 , 187.06 , 
1992 , 175.0 , 203.0 , 188.64 , 
1993 , 172.0 , 201.0 , 185.98 , 
1994 , 173.0 , 200.0 , 186.14 , 
1995 , 174.0 , 202.0 , 188.32 , 
1996 , 172.0 , 202.0 , 188.0 , 
1997 , 173.0 , 198.0 , 186.08 , 
1998 , 168.0 , 198.0 , 186.98 , 
1999 , 174.0 , 202.0 , 186.42 , 
2000 , 175.0 , 200.0 , 188.38 , 
2001 , 173.0 , 204.0 , 186.86 , 
2002 , 173.0 , 203.0 , 187.44 , 
2003 , 161.0 , 204.0 , 187.12 , 
2004 , 173.0 , 204.0 , 185.7 , 
2005 , 176.0 , 200.0 , 187.86 , 
2006 , 170.0 , 202.0 , 186.6 , 
2007 , 170.0 , 204.0 , 186.88 , 
2008 , 172.0 , 200.0 , 186.82 , 
2009 , 178.0 , 199.0 , 187.5 , 
2010 , 174.0 , 201.0 , 187.36 , 
2011 , 166.0 , 205.0 , 185.7 , 
2012 , 173.0 , 196.0 , 185.94 , 
2013 , 174.0 , 207.0 , 185.34 , 
2014 , 176.0 , 203.0 , 186.7 , 
2015 , 174.0 , 203.0 , 186.64 , 
2016 , 170.0 , 198.0 , 187.0 , 
2017 , 176.0 , 201.0 , 186.02 , 
2018 , 174.0 , 201.0 , 187.1 , 
2019 , 171.0 , 208.0 , 188.28 , 
2020 , 170.0 , 201.0 , 187.22 , 
2021 , 172.0 , 206.0 , 187.8 , 
2022 , 173.0 , 202.0 , 186.78 , 
2023 , 172.0 , 203.0 , 187.02 , 
2024 , 172.0 , 210.0 , 187.0 , 
2025 , 170.0 , 207.0 , 188.24 , 
2026 , 176.0 , 200.0 , 188.24 , 
2027 , 169.0 , 201.0 , 186.78 , 
2028 , 179.0 , 199.0 , 186.74 , 
2029 , 171.0 , 198.0 , 186.08 , 
2030 , 175.0 , 203.0 , 186.28 , 
2031 , 175.0 , 200.0 , 185.88 , 
2032 , 172.0 , 202.0 , 186.9 , 
2033 , 173.0 , 201.0 , 186.56 , 
2034 , 168.0 , 201.0 , 185.8 , 
2035 , 175.0 , 205.0 , 188.64 , 
2036 , 173.0 , 204.0 , 185.84 , 
2037 , 168.0 , 204.0 , 186.72 , 
2038 , 173.0 , 204.0 , 185.18 , 
2039 , 176.0 , 200.0 , 187.66 , 
2040 , 170.0 , 204.0 , 186.58 , 
2041 , 174.0 , 201.0 , 186.62 , 
2042 , 174.0 , 203.0 , 187.8 , 
2043 , 177.0 , 197.0 , 186.44 , 
2044 , 168.0 , 212.0 , 189.74 , 
2045 , 173.0 , 200.0 , 187.06 , 
2046 , 173.0 , 201.0 , 187.58 , 
2047 , 174.0 , 199.0 , 187.38 , 
2048 , 170.0 , 201.0 , 186.78 , 
2049 , 166.0 , 203.0 , 185.92 , 
2050 , 172.0 , 202.0 , 186.3 , 
2051 , 175.0 , 204.0 , 187.0 , 
2052 , 174.0 , 199.0 , 186.06 , 
2053 , 172.0 , 204.0 , 186.7 , 
2054 , 170.0 , 201.0 , 185.96 , 
2055 , 170.0 , 199.0 , 186.32 , 
2056 , 170.0 , 198.0 , 186.28 , 
2057 , 171.0 , 198.0 , 186.68 , 
2058 , 173.0 , 205.0 , 187.42 , 
2059 , 176.0 , 201.0 , 186.38 , 
2060 , 171.0 , 198.0 , 186.32 , 
2061 , 171.0 , 206.0 , 187.06 , 
2062 , 171.0 , 199.0 , 186.72 , 
2063 , 164.0 , 199.0 , 187.1 , 
2064 , 173.0 , 200.0 , 186.4 , 
2065 , 175.0 , 202.0 , 187.04 , 
2066 , 170.0 , 198.0 , 187.98 , 
2067 , 175.0 , 206.0 , 187.36 , 
2068 , 169.0 , 206.0 , 185.6 , 
2069 , 176.0 , 202.0 , 187.14 , 
2070 , 172.0 , 200.0 , 187.12 , 
2071 , 177.0 , 213.0 , 189.14 , 
2072 , 173.0 , 202.0 , 187.54 , 
2073 , 176.0 , 200.0 , 188.06 , 
2074 , 174.0 , 204.0 , 189.1 , 
2075 , 177.0 , 201.0 , 188.34 , 
2076 , 171.0 , 203.0 , 187.54 , 
2077 , 171.0 , 201.0 , 188.5 , 
2078 , 176.0 , 204.0 , 187.92 , 
2079 , 172.0 , 207.0 , 189.78 , 
2080 , 180.0 , 205.0 , 189.62 , 
2081 , 179.0 , 201.0 , 191.0 , 
2082 , 174.0 , 204.0 , 187.46 , 
2083 , 173.0 , 199.0 , 187.66 , 
2084 , 171.0 , 207.0 , 189.18 , 
2085 , 176.0 , 203.0 , 187.16 , 
2086 , 176.0 , 200.0 , 187.82 , 
2087 , 172.0 , 199.0 , 187.44 , 
2088 , 176.0 , 202.0 , 187.5 , 
2089 , 175.0 , 199.0 , 188.36 , 
2090 , 168.0 , 203.0 , 187.52 , 
2091 , 173.0 , 206.0 , 188.52 , 
2092 , 175.0 , 203.0 , 187.9 , 
2093 , 177.0 , 204.0 , 189.34 , 
2094 , 174.0 , 207.0 , 188.56 , 
2095 , 172.0 , 205.0 , 185.62 , 
2096 , 171.0 , 201.0 , 186.94 , 
2097 , 176.0 , 200.0 , 189.14 , 
2098 , 169.0 , 200.0 , 186.46 , 
2099 , 173.0 , 202.0 , 188.38 , 
2100 , 170.0 , 208.0 , 187.16 , 
2101 , 173.0 , 205.0 , 189.24 , 
2102 , 179.0 , 204.0 , 188.68 , 
2103 , 172.0 , 200.0 , 187.34 , 
2104 , 174.0 , 201.0 , 187.6 , 
2105 , 178.0 , 205.0 , 189.1 , 
2106 , 170.0 , 205.0 , 187.7 , 
2107 , 176.0 , 203.0 , 187.28 , 
2108 , 176.0 , 202.0 , 188.8 , 
2109 , 175.0 , 205.0 , 187.6 , 
2110 , 174.0 , 204.0 , 187.9 , 
2111 , 176.0 , 208.0 , 186.72 , 
2112 , 174.0 , 203.0 , 187.5 , 
2113 , 177.0 , 208.0 , 188.94 , 
2114 , 176.0 , 201.0 , 188.52 , 
2115 , 170.0 , 197.0 , 186.58 , 
2116 , 174.0 , 199.0 , 187.18 , 
2117 , 170.0 , 203.0 , 188.32 , 
2118 , 176.0 , 202.0 , 187.2 , 
2119 , 177.0 , 203.0 , 187.88 , 
2120 , 173.0 , 202.0 , 187.56 , 
2121 , 172.0 , 210.0 , 188.02 , 
2122 , 178.0 , 202.0 , 187.76 , 
2123 , 172.0 , 199.0 , 186.98 , 
2124 , 177.0 , 198.0 , 187.7 , 
2125 , 173.0 , 205.0 , 186.86 , 
2126 , 176.0 , 203.0 , 188.64 , 
2127 , 177.0 , 199.0 , 186.9 , 
2128 , 173.0 , 204.0 , 185.88 , 
2129 , 173.0 , 200.0 , 187.78 , 
2130 , 176.0 , 204.0 , 188.28 , 
2131 , 175.0 , 201.0 , 188.66 , 
2132 , 177.0 , 205.0 , 188.62 , 
2133 , 174.0 , 198.0 , 187.4 , 
2134 , 175.0 , 199.0 , 186.72 , 
2135 , 175.0 , 202.0 , 187.08 , 
2136 , 176.0 , 204.0 , 188.52 , 
2137 , 175.0 , 199.0 , 189.12 , 
2138 , 176.0 , 201.0 , 187.12 , 
2139 , 177.0 , 203.0 , 188.24 , 
2140 , 170.0 , 204.0 , 189.38 , 
2141 , 180.0 , 206.0 , 189.16 , 
2142 , 177.0 , 203.0 , 189.18 , 
2143 , 172.0 , 201.0 , 187.78 , 
2144 , 177.0 , 202.0 , 189.44 , 
2145 , 173.0 , 201.0 , 188.18 , 
2146 , 177.0 , 200.0 , 187.38 , 
2147 , 172.0 , 207.0 , 189.56 , 
2148 , 176.0 , 200.0 , 188.9 , 
2149 , 172.0 , 200.0 , 187.62 , 
2150 , 171.0 , 201.0 , 188.28 , 
2151 , 179.0 , 204.0 , 188.38 , 
2152 , 176.0 , 205.0 , 187.56 , 
2153 , 171.0 , 203.0 , 188.04 , 
2154 , 175.0 , 199.0 , 187.68 , 
2155 , 174.0 , 205.0 , 189.48 , 
2156 , 175.0 , 206.0 , 189.46 , 
2157 , 173.0 , 203.0 , 189.42 , 
2158 , 173.0 , 205.0 , 189.14 , 
2159 , 176.0 , 201.0 , 186.72 , 
2160 , 173.0 , 213.0 , 188.84 , 
2161 , 173.0 , 204.0 , 188.46 , 
2162 , 175.0 , 199.0 , 186.3 , 
2163 , 176.0 , 204.0 , 188.44 , 
2164 , 174.0 , 205.0 , 188.34 , 
2165 , 177.0 , 200.0 , 189.88 , 
2166 , 176.0 , 211.0 , 188.2 , 
2167 , 176.0 , 202.0 , 187.96 , 
2168 , 175.0 , 201.0 , 188.9 , 
2169 , 177.0 , 203.0 , 189.2 , 
2170 , 178.0 , 204.0 , 188.8 , 
2171 , 175.0 , 204.0 , 188.68 , 
2172 , 173.0 , 205.0 , 188.32 , 
2173 , 178.0 , 202.0 , 189.4 , 
2174 , 180.0 , 204.0 , 189.74 , 
2175 , 172.0 , 204.0 , 189.2 , 
2176 , 173.0 , 200.0 , 188.48 , 
2177 , 177.0 , 204.0 , 187.56 , 
2178 , 176.0 , 202.0 , 188.62 , 
2179 , 177.0 , 198.0 , 187.96 , 
2180 , 174.0 , 200.0 , 187.8 , 
2181 , 177.0 , 203.0 , 188.52 , 
2182 , 174.0 , 198.0 , 186.56 , 
2183 , 178.0 , 214.0 , 189.22 , 
2184 , 171.0 , 200.0 , 186.42 , 
2185 , 175.0 , 205.0 , 187.04 , 
2186 , 170.0 , 214.0 , 188.02 , 
2187 , 171.0 , 201.0 , 188.04 , 
2188 , 176.0 , 202.0 , 189.06 , 
2189 , 172.0 , 202.0 , 189.14 , 
2190 , 174.0 , 209.0 , 187.4 , 
2191 , 174.0 , 200.0 , 188.0 , 
2192 , 176.0 , 197.0 , 188.88 , 
2193 , 173.0 , 203.0 , 188.88 , 
2194 , 177.0 , 206.0 , 188.14 , 
2195 , 177.0 , 204.0 , 188.94 , 
2196 , 180.0 , 202.0 , 190.34 , 
2197 , 164.0 , 200.0 , 188.7 , 
2198 , 176.0 , 208.0 , 190.66 , 
2199 , 176.0 , 205.0 , 188.86 , 
2200 , 178.0 , 205.0 , 188.34 , 
2201 , 174.0 , 201.0 , 186.64 , 
2202 , 174.0 , 200.0 , 187.7 , 
2203 , 178.0 , 202.0 , 188.32 , 
2204 , 176.0 , 204.0 , 189.56 , 
2205 , 174.0 , 204.0 , 189.04 , 
2206 , 172.0 , 202.0 , 188.0 , 
2207 , 171.0 , 209.0 , 187.94 , 
2208 , 180.0 , 203.0 , 188.44 , 
2209 , 178.0 , 203.0 , 188.3 , 
2210 , 176.0 , 203.0 , 188.3 , 
2211 , 176.0 , 206.0 , 187.72 , 
2212 , 175.0 , 201.0 , 188.1 , 
2213 , 175.0 , 202.0 , 188.34 , 
2214 , 176.0 , 202.0 , 190.0 , 
2215 , 174.0 , 205.0 , 187.6 , 
2216 , 176.0 , 202.0 , 188.92 , 
2217 , 174.0 , 207.0 , 188.08 , 
2218 , 171.0 , 209.0 , 188.2 , 
2219 , 178.0 , 204.0 , 189.72 , 
2220 , 173.0 , 207.0 , 188.14 , 
2221 , 172.0 , 205.0 , 187.8 , 
2222 , 175.0 , 207.0 , 188.1 , 
2223 , 174.0 , 201.0 , 187.4 , 
2224 , 171.0 , 208.0 , 189.46 , 
2225 , 177.0 , 209.0 , 188.16 , 
2226 , 173.0 , 203.0 , 189.66 , 
2227 , 177.0 , 203.0 , 188.64 , 
2228 , 179.0 , 198.0 , 188.32 , 
2229 , 174.0 , 202.0 , 189.2 , 
2230 , 176.0 , 201.0 , 188.18 , 
2231 , 177.0 , 201.0 , 188.14 , 
2232 , 175.0 , 205.0 , 188.22 , 
2233 , 176.0 , 198.0 , 187.8 , 
2234 , 175.0 , 200.0 , 187.52 , 
2235 , 177.0 , 210.0 , 188.42 , 
2236 , 175.0 , 205.0 , 188.92 , 
2237 , 175.0 , 203.0 , 189.56 , 
2238 , 172.0 , 203.0 , 187.06 , 
2239 , 171.0 , 205.0 , 188.38 , 
2240 , 174.0 , 198.0 , 186.84 , 
2241 , 174.0 , 200.0 , 186.22 , 
2242 , 171.0 , 205.0 , 188.6 , 
2243 , 173.0 , 198.0 , 187.08 , 
2244 , 174.0 , 197.0 , 188.36 , 
2245 , 175.0 , 204.0 , 188.68 , 
2246 , 174.0 , 209.0 , 186.92 , 
2247 , 175.0 , 202.0 , 187.86 , 
2248 , 173.0 , 202.0 , 187.72 , 
2249 , 177.0 , 202.0 , 188.86 , 
2250 , 178.0 , 204.0 , 188.14 , 
2251 , 171.0 , 200.0 , 186.12 , 
2252 , 178.0 , 208.0 , 187.68 , 
2253 , 172.0 , 206.0 , 186.28 , 
2254 , 177.0 , 206.0 , 187.86 , 
2255 , 175.0 , 204.0 , 187.54 , 
2256 , 175.0 , 199.0 , 188.08 , 
2257 , 175.0 , 206.0 , 189.2 , 
2258 , 177.0 , 205.0 , 187.56 , 
2259 , 175.0 , 200.0 , 186.96 , 
2260 , 171.0 , 199.0 , 186.42 , 
2261 , 173.0 , 204.0 , 187.58 , 
2262 , 175.0 , 201.0 , 186.44 , 
2263 , 172.0 , 206.0 , 189.14 , 
2264 , 174.0 , 198.0 , 187.98 , 
2265 , 176.0 , 201.0 , 187.4 , 
2266 , 174.0 , 202.0 , 187.22 , 
2267 , 177.0 , 200.0 , 188.6 , 
2268 , 178.0 , 207.0 , 189.2 , 
2269 , 175.0 , 197.0 , 187.28 , 
2270 , 176.0 , 201.0 , 187.14 , 
2271 , 172.0 , 201.0 , 187.5 , 
2272 , 173.0 , 198.0 , 187.1 , 
2273 , 173.0 , 202.0 , 186.74 , 
2274 , 175.0 , 201.0 , 187.12 , 
2275 , 176.0 , 202.0 , 189.38 , 
2276 , 174.0 , 199.0 , 188.04 , 
2277 , 176.0 , 207.0 , 188.2 , 
2278 , 176.0 , 201.0 , 188.48 , 
2279 , 173.0 , 197.0 , 187.5 , 
2280 , 172.0 , 196.0 , 186.92 , 
2281 , 176.0 , 205.0 , 187.0 , 
2282 , 174.0 , 201.0 , 188.36 , 
2283 , 166.0 , 212.0 , 187.8 , 
2284 , 173.0 , 199.0 , 185.82 , 
2285 , 178.0 , 204.0 , 188.2 , 
2286 , 175.0 , 204.0 , 186.62 , 
2287 , 179.0 , 200.0 , 188.1 , 
2288 , 175.0 , 204.0 , 187.36 , 
2289 , 173.0 , 200.0 , 186.86 , 
2290 , 171.0 , 201.0 , 186.86 , 
2291 , 178.0 , 209.0 , 188.44 , 
2292 , 174.0 , 202.0 , 186.54 , 
2293 , 176.0 , 200.0 , 187.44 , 
2294 , 176.0 , 199.0 , 186.64 , 
2295 , 172.0 , 207.0 , 185.8 , 
2296 , 172.0 , 205.0 , 187.98 , 
2297 , 175.0 , 201.0 , 186.2 , 
2298 , 172.0 , 202.0 , 186.82 , 
2299 , 175.0 , 210.0 , 187.2 , 
2300 , 171.0 , 205.0 , 186.44 , 
2301 , 175.0 , 199.0 , 186.7 , 
2302 , 169.0 , 203.0 , 187.5 , 
2303 , 169.0 , 200.0 , 186.82 , 
2304 , 167.0 , 199.0 , 186.36 , 
2305 , 173.0 , 202.0 , 186.52 , 
2306 , 171.0 , 202.0 , 186.82 , 
2307 , 168.0 , 200.0 , 187.32 , 
2308 , 171.0 , 200.0 , 187.62 , 
2309 , 176.0 , 202.0 , 187.7 , 
2310 , 169.0 , 201.0 , 186.26 , 
2311 , 181.0 , 201.0 , 188.0 , 
2312 , 175.0 , 202.0 , 186.96 , 
2313 , 177.0 , 201.0 , 186.64 , 
2314 , 173.0 , 204.0 , 185.62 , 
2315 , 174.0 , 200.0 , 186.0 , 
2316 , 174.0 , 197.0 , 185.84 , 
2317 , 170.0 , 203.0 , 186.0 , 
2318 , 175.0 , 206.0 , 187.92 , 
2319 , 176.0 , 212.0 , 187.58 , 
2320 , 174.0 , 198.0 , 186.92 , 
2321 , 178.0 , 197.0 , 186.42 , 
2322 , 172.0 , 204.0 , 187.12 , 
2323 , 174.0 , 203.0 , 187.02 , 
2324 , 175.0 , 198.0 , 187.34 , 
2325 , 173.0 , 202.0 , 186.06 , 
2326 , 175.0 , 202.0 , 187.2 , 
2327 , 174.0 , 198.0 , 186.8 , 
2328 , 172.0 , 205.0 , 186.64 , 
2329 , 168.0 , 203.0 , 188.24 , 
2330 , 175.0 , 197.0 , 187.56 , 
2331 , 168.0 , 204.0 , 186.6 , 
2332 , 176.0 , 201.0 , 188.24 , 
2333 , 173.0 , 198.0 , 186.28 , 
2334 , 168.0 , 200.0 , 186.28 , 
2335 , 174.0 , 210.0 , 187.66 , 
2336 , 171.0 , 205.0 , 187.12 , 
2337 , 175.0 , 200.0 , 187.62 , 
2338 , 169.0 , 197.0 , 186.62 , 
2339 , 173.0 , 200.0 , 188.12 , 
2340 , 174.0 , 205.0 , 186.72 , 
2341 , 174.0 , 201.0 , 187.82 , 
2342 , 174.0 , 206.0 , 188.0 , 
2343 , 175.0 , 200.0 , 186.86 , 
2344 , 177.0 , 209.0 , 185.78 , 
2345 , 175.0 , 201.0 , 187.14 , 
2346 , 173.0 , 198.0 , 187.1 , 
2347 , 175.0 , 202.0 , 187.0 , 
2348 , 172.0 , 204.0 , 186.62 , 
2349 , 173.0 , 206.0 , 187.3 , 
2350 , 171.0 , 200.0 , 186.88 , 
2351 , 175.0 , 198.0 , 186.62 , 
2352 , 174.0 , 210.0 , 187.22 , 
2353 , 173.0 , 200.0 , 185.28 , 
2354 , 171.0 , 195.0 , 186.58 , 
2355 , 173.0 , 202.0 , 187.5 , 
2356 , 171.0 , 200.0 , 185.78 , 
2357 , 173.0 , 198.0 , 186.22 , 
2358 , 176.0 , 194.0 , 185.98 , 
2359 , 175.0 , 199.0 , 187.04 , 
2360 , 172.0 , 204.0 , 186.46 , 
2361 , 175.0 , 195.0 , 185.56 , 
2362 , 172.0 , 203.0 , 185.2 , 
2363 , 173.0 , 196.0 , 185.42 , 
2364 , 174.0 , 196.0 , 185.26 , 
2365 , 170.0 , 202.0 , 186.64 , 
2366 , 175.0 , 197.0 , 185.74 , 
2367 , 172.0 , 203.0 , 186.38 , 
2368 , 177.0 , 198.0 , 186.26 , 
2369 , 171.0 , 201.0 , 185.62 , 
2370 , 170.0 , 203.0 , 185.28 , 
2371 , 176.0 , 200.0 , 186.06 , 
2372 , 176.0 , 197.0 , 188.02 , 
2373 , 170.0 , 202.0 , 186.44 , 
2374 , 177.0 , 198.0 , 186.52 , 
2375 , 176.0 , 201.0 , 186.82 , 
2376 , 171.0 , 205.0 , 186.88 , 
2377 , 177.0 , 201.0 , 187.64 , 
2378 , 177.0 , 205.0 , 187.26 , 
2379 , 173.0 , 205.0 , 186.02 , 
2380 , 176.0 , 204.0 , 186.24 , 
2381 , 176.0 , 199.0 , 186.28 , 
2382 , 174.0 , 200.0 , 186.98 , 
2383 , 172.0 , 197.0 , 186.86 , 
2384 , 174.0 , 202.0 , 185.74 , 
2385 , 167.0 , 198.0 , 185.94 , 
2386 , 171.0 , 200.0 , 187.14 , 
2387 , 174.0 , 198.0 , 185.98 , 
2388 , 175.0 , 195.0 , 186.22 , 
2389 , 173.0 , 201.0 , 185.34 , 
2390 , 174.0 , 200.0 , 185.56 , 
2391 , 174.0 , 200.0 , 185.76 , 
2392 , 174.0 , 200.0 , 185.7 , 
2393 , 173.0 , 199.0 , 186.92 , 
2394 , 174.0 , 199.0 , 186.28 , 
2395 , 173.0 , 204.0 , 186.32 , 
2396 , 175.0 , 202.0 , 186.84 , 
2397 , 173.0 , 200.0 , 185.04 , 
2398 , 177.0 , 199.0 , 187.18 , 
2399 , 176.0 , 206.0 , 186.8 , 
2400 , 176.0 , 194.0 , 186.56 , 
2401 , 173.0 , 198.0 , 185.88 , 
2402 , 170.0 , 201.0 , 185.02 , 
2403 , 174.0 , 198.0 , 186.42 , 
2404 , 172.0 , 198.0 , 187.26 , 
2405 , 168.0 , 197.0 , 186.24 , 
2406 , 172.0 , 196.0 , 186.84 , 
2407 , 176.0 , 202.0 , 187.24 , 
2408 , 174.0 , 199.0 , 185.96 , 
2409 , 180.0 , 201.0 , 188.26 , 
2410 , 175.0 , 201.0 , 185.56 , 
2411 , 177.0 , 199.0 , 186.0 , 
2412 , 177.0 , 197.0 , 186.22 , 
2413 , 164.0 , 205.0 , 186.76 , 
2414 , 172.0 , 198.0 , 186.86 , 
2415 , 172.0 , 201.0 , 184.62 , 
2416 , 168.0 , 204.0 , 186.14 , 
2417 , 176.0 , 201.0 , 185.32 , 
2418 , 177.0 , 196.0 , 185.0 , 
2419 , 175.0 , 198.0 , 187.12 , 
2420 , 173.0 , 200.0 , 185.48 , 
2421 , 178.0 , 197.0 , 186.36 , 
2422 , 175.0 , 203.0 , 187.18 , 
2423 , 176.0 , 198.0 , 186.56 , 
2424 , 177.0 , 198.0 , 187.18 , 
2425 , 175.0 , 199.0 , 186.62 , 
2426 , 170.0 , 202.0 , 187.12 , 
2427 , 173.0 , 203.0 , 186.48 , 
2428 , 174.0 , 207.0 , 186.78 , 
2429 , 175.0 , 201.0 , 188.36 , 
2430 , 176.0 , 201.0 , 187.08 , 
2431 , 171.0 , 205.0 , 187.12 , 
2432 , 178.0 , 208.0 , 186.84 , 
2433 , 175.0 , 202.0 , 187.92 , 
2434 , 178.0 , 200.0 , 187.02 , 
2435 , 178.0 , 197.0 , 186.46 , 
2436 , 171.0 , 198.0 , 187.5 , 
2437 , 177.0 , 199.0 , 188.08 , 
2438 , 176.0 , 203.0 , 188.66 , 
2439 , 175.0 , 205.0 , 186.44 , 
2440 , 177.0 , 203.0 , 188.08 , 
2441 , 172.0 , 207.0 , 186.08 , 
2442 , 172.0 , 203.0 , 186.76 , 
2443 , 177.0 , 201.0 , 187.8 , 
2444 , 171.0 , 198.0 , 186.88 , 
2445 , 173.0 , 205.0 , 186.88 , 
2446 , 175.0 , 202.0 , 187.98 , 
2447 , 173.0 , 200.0 , 187.34 , 
2448 , 178.0 , 200.0 , 186.82 , 
2449 , 173.0 , 202.0 , 187.12 , 
2450 , 170.0 , 199.0 , 186.04 , 
2451 , 174.0 , 200.0 , 186.44 , 
2452 , 177.0 , 198.0 , 186.26 , 
2453 , 171.0 , 208.0 , 187.22 , 
2454 , 169.0 , 200.0 , 184.94 , 
2455 , 174.0 , 200.0 , 187.46 , 
2456 , 172.0 , 198.0 , 186.76 , 
2457 , 175.0 , 206.0 , 188.04 , 
2458 , 176.0 , 197.0 , 186.22 , 
2459 , 171.0 , 200.0 , 187.18 , 
2460 , 170.0 , 206.0 , 188.44 , 
2461 , 177.0 , 202.0 , 187.44 , 
2462 , 177.0 , 206.0 , 187.48 , 
2463 , 173.0 , 200.0 , 186.88 , 
2464 , 175.0 , 201.0 , 187.48 , 
2465 , 174.0 , 198.0 , 185.8 , 
2466 , 176.0 , 201.0 , 186.5 , 
2467 , 173.0 , 201.0 , 185.54 , 
2468 , 177.0 , 196.0 , 187.44 , 
2469 , 170.0 , 204.0 , 187.34 , 
2470 , 175.0 , 200.0 , 187.6 , 
2471 , 174.0 , 204.0 , 186.62 , 
2472 , 176.0 , 196.0 , 187.16 , 
2473 , 175.0 , 202.0 , 188.12 , 
2474 , 170.0 , 204.0 , 187.36 , 
2475 , 177.0 , 205.0 , 187.76 , 
2476 , 175.0 , 202.0 , 187.5 , 
2477 , 175.0 , 203.0 , 188.28 , 
2478 , 173.0 , 202.0 , 187.06 , 
2479 , 176.0 , 202.0 , 187.92 , 
2480 , 177.0 , 201.0 , 186.82 , 
2481 , 174.0 , 204.0 , 188.94 , 
2482 , 172.0 , 200.0 , 186.76 , 
2483 , 174.0 , 205.0 , 187.0 , 
2484 , 176.0 , 206.0 , 187.14 , 
2485 , 172.0 , 203.0 , 187.7 , 
2486 , 179.0 , 198.0 , 187.48 , 
2487 , 176.0 , 196.0 , 187.6 , 
2488 , 174.0 , 203.0 , 187.02 , 
2489 , 177.0 , 200.0 , 187.24 , 
2490 , 173.0 , 198.0 , 186.16 , 
2491 , 173.0 , 200.0 , 188.0 , 
2492 , 177.0 , 198.0 , 186.68 , 
2493 , 171.0 , 200.0 , 186.42 , 
2494 , 176.0 , 201.0 , 187.04 , 
2495 , 176.0 , 200.0 , 186.82 , 
2496 , 176.0 , 201.0 , 188.98 , 
2497 , 172.0 , 198.0 , 186.12 , 
2498 , 176.0 , 201.0 , 187.88 , 
2499 , 175.0 , 201.0 , 187.52 , 
2500 , 177.0 , 202.0 , 188.0 , 
2501 , 177.0 , 201.0 , 188.68 , 
2502 , 177.0 , 204.0 , 187.4 , 
2503 , 179.0 , 205.0 , 188.62 , 
2504 , 172.0 , 199.0 , 187.54 , 
2505 , 173.0 , 207.0 , 188.94 , 
2506 , 176.0 , 204.0 , 187.38 , 
2507 , 173.0 , 199.0 , 188.06 , 
2508 , 180.0 , 199.0 , 187.58 , 
2509 , 176.0 , 200.0 , 187.5 , 
2510 , 176.0 , 202.0 , 188.8 , 
2511 , 176.0 , 205.0 , 188.02 , 
2512 , 178.0 , 202.0 , 188.82 , 
2513 , 176.0 , 205.0 , 188.68 , 
2514 , 177.0 , 198.0 , 186.82 , 
2515 , 180.0 , 204.0 , 187.9 , 
2516 , 176.0 , 199.0 , 187.2 , 
2517 , 174.0 , 203.0 , 187.32 , 
2518 , 174.0 , 203.0 , 188.74 , 
2519 , 178.0 , 206.0 , 187.44 , 
2520 , 175.0 , 200.0 , 187.86 , 
2521 , 174.0 , 204.0 , 188.36 , 
2522 , 176.0 , 206.0 , 187.5 , 
2523 , 174.0 , 200.0 , 187.94 , 
2524 , 173.0 , 200.0 , 187.56 , 
2525 , 178.0 , 200.0 , 187.88 , 
2526 , 176.0 , 200.0 , 186.94 , 
2527 , 174.0 , 203.0 , 186.8 , 
2528 , 180.0 , 200.0 