Machine= 5,Job= 5,Task= 12,Ant= 50,
K, Best, Bad , Average
0,60.0,91.0,72.4,
1,54.0,84.0,70.76,
2,60.0,84.0,71.46,
3,56.0,84.0,70.06,
4,56.0,83.0,68.84,
5,53.0,93.0,69.94,
6,60.0,81.0,68.6,
7,49.0,82.0,69.58,
8,56.0,77.0,69.54,
9,49.0,85.0,69.18,
10,57.0,83.0,68.88,
11,58.0,86.0,68.8,
12,56.0,86.0,68.96,
13,51.0,78.0,66.3,
14,55.0,88.0,67.38,
15,54.0,90.0,66.96,
16,56.0,82.0,67.08,
17,58.0,80.0,67.5,
18,54.0,81.0,66.88,
19,53.0,78.0,65.8,
20,53.0,75.0,66.12,
21,56.0,86.0,67.74,
22,50.0,81.0,66.9,
23,50.0,77.0,67.2,
24,51.0,82.0,66.86,
25,56.0,76.0,66.26,
26,55.0,87.0,65.96,
27,57.0,80.0,64.98,
28,52.0,76.0,65.58,
29,56.0,77.0,65.16,
30,52.0,81.0,65.0,
31,53.0,84.0,66.44,
32,54.0,76.0,65.42,
33,54.0,74.0,64.52,
34,52.0,76.0,63.78,
35,53.0,74.0,62.4,
36,50.0,73.0,64.46,
37,52.0,80.0,62.94,
38,53.0,75.0,63.2,
39,53.0,75.0,63.48,
40,48.0,83.0,63.88,
41,51.0,78.0,62.76,
42,52.0,76.0,62.78,
43,53.0,77.0,62.92,
44,50.0,72.0,61.94,
45,50.0,73.0,62.8,
46,48.0,77.0,61.0,
47,51.0,72.0,60.48,
48,51.0,71.0,60.94,
49,50.0,71.0,59.6,
50,50.0,73.0,59.96,
51,50.0,76.0,59.62,
52,51.0,70.0,60.6,
53,50.0,70.0,59.76,
54,50.0,73.0,59.1,
55,49.0,74.0,59.7,
56,49.0,78.0,60.46,
57,49.0,70.0,60.22,
58,49.0,71.0,59.5,
59,49.0,70.0,59.06,
60,50.0,75.0,60.58,
61,49.0,74.0,60.12,
62,52.0,73.0,59.92,
63,51.0,72.0,59.02,
64,49.0,73.0,58.54,
65,51.0,78.0,59.04,
66,49.0,68.0,58.94,
67,49.0,67.0,58.34,
68,51.0,67.0,57.5,
69,48.0,69.0,58.2,
70,48.0,74.0,58.48,
71,50.0,69.0,58.14,
72,46.0,75.0,58.04,
73,50.0,67.0,57.28,
74,48.0,67.0,57.08,
75,48.0,73.0,58.18,
76,48.0,70.0,57.82,
77,48.0,68.0,57.6,
78,48.0,66.0,57.48,
79,47.0,66.0,57.02,
80,48.0,70.0,58.1,
81,50.0,66.0,57.76,
82,48.0,70.0,58.08,
83,44.0,70.0,57.02,
84,48.0,65.0,56.16,
85,47.0,70.0,55.82,
86,48.0,69.0,56.74,
87,49.0,65.0,57.28,
88,49.0,67.0,57.48,
89,45.0,66.0,56.74,
90,48.0,64.0,56.32,
91,47.0,67.0,54.84,
92,45.0,69.0,55.64,
93,48.0,68.0,54.88,
94,48.0,65.0,55.06,
95,49.0,64.0,55.8,
96,47.0,67.0,54.84,
97,45.0,65.0,55.7,
98,46.0,63.0,54.78,
99,47.0,69.0,55.68,
100,48.0,63.0,55.32,
101,47.0,61.0,54.42,
102,45.0,65.0,55.62,
103,48.0,69.0,56.38,
104,47.0,65.0,55.42,
105,46.0,66.0,55.84,
106,47.0,65.0,55.18,
107,43.0,63.0,55.04,
108,47.0,65.0,54.92,
109,46.0,62.0,54.24,
110,45.0,67.0,56.02,
111,45.0,64.0,54.18,
112,46.0,66.0,54.02,
113,46.0,66.0,55.42,
114,47.0,65.0,53.86,
115,45.0,69.0,54.8,
116,44.0,65.0,54.62,
117,47.0,63.0,54.08,
118,46.0,64.0,53.74,
119,46.0,64.0,53.6,
120,45.0,66.0,54.54,
121,47.0,65.0,54.42,
122,47.0,65.0,53.7,
123,46.0,64.0,54.16,
124,47.0,64.0,54.28,
125,48.0,68.0,54.72,
126,45.0,65.0,53.42,
127,45.0,63.0,53.82,
128,45.0,66.0,53.66,
129,47.0,63.0,53.3,
130,47.0,63.0,53.88,
131,44.0,64.0,53.0,
132,45.0,64.0,53.04,
133,45.0,63.0,53.78,
134,45.0,60.0,53.8,
135,47.0,63.0,53.14,
136,44.0,62.0,52.72,
137,45.0,62.0,53.54,
138,44.0,63.0,54.06,
139,45.0,61.0,53.74,
140,47.0,63.0,54.0,
141,45.0,62.0,53.54,
142,45.0,61.0,53.16,
143,45.0,61.0,53.58,
144,43.0,60.0,52.2,
145,43.0,63.0,53.44,
146,46.0,61.0,52.74,
147,45.0,64.0,52.3,
148,45.0,59.0,51.56,
149,45.0,61.0,52.16,
150,45.0,61.0,53.52,
151,46.0,60.0,51.74,
152,45.0,61.0,52.5,
153,43.0,61.0,52.24,
154,43.0,58.0,52.2,
155,43.0,63.0,52.62,
156,46.0,65.0,52.18,
157,44.0,61.0,52.2,
158,45.0,65.0,52.02,
159,43.0,56.0,50.52,
160,45.0,63.0,51.42,
161,45.0,62.0,51.22,
162,44.0,61.0,51.8,
163,47.0,60.0,51.98,
164,45.0,58.0,51.2,
165,43.0,59.0,51.0,
166,45.0,64.0,52.12,
167,46.0,61.0,51.44,
168,44.0,63.0,51.88,
169,45.0,59.0,50.68,
170,45.0,59.0,51.56,
171,45.0,63.0,52.16,
172,44.0,61.0,51.32,
173,44.0,63.0,51.02,
174,44.0,58.0,50.48,
175,44.0,60.0,51.66,
176,44.0,57.0,50.56,
177,45.0,62.0,51.06,
178,45.0,58.0,51.1,
179,43.0,60.0,50.78,
180,45.0,59.0,50.54,
181,44.0,64.0,50.66,
182,43.0,60.0,50.56,
183,44.0,58.0,50.88,
184,43.0,61.0,50.72,
185,44.0,60.0,51.4,
186,45.0,59.0,50.34,
187,43.0,58.0,50.18,
188,45.0,59.0,50.78,
189,44.0,60.0,50.32,
190,45.0,59.0,49.96,
191,44.0,58.0,50.92,
192,44.0,57.0,50.24,
193,43.0,59.0,50.74,
194,45.0,60.0,50.7,
195,46.0,63.0,51.62,
196,44.0,60.0,51.22,
197,44.0,59.0,50.88,
198,43.0,62.0,50.8,
199,44.0,59.0,49.94,
200,45.0,60.0,51.04,
201,45.0,62.0,50.2,
202,43.0,58.0,50.44,
203,43.0,57.0,49.74,
204,45.0,56.0,50.34,
205,43.0,60.0,51.1,
206,45.0,57.0,50.62,
207,45.0,60.0,51.06,
208,44.0,57.0,49.66,
209,43.0,60.0,51.18,
210,45.0,60.0,49.8,
211,43.0,58.0,49.6,
212,44.0,57.0,49.74,
213,45.0,57.0,50.62,
214,43.0,57.0,49.74,
215,43.0,58.0,49.46,
216,44.0,60.0,50.26,
217,45.0,57.0,49.98,
218,43.0,59.0,50.42,
219,43.0,59.0,50.3,
220,43.0,59.0,50.4,
221,44.0,61.0,50.14,
222,44.0,55.0,49.22,
223,43.0,58.0,49.96,
224,45.0,57.0,49.8,
225,46.0,67.0,51.14,
226,44.0,59.0,49.64,
227,45.0,59.0,50.88,
228,45.0,58.0,50.28,
229,44.0,59.0,50.06,
230,43.0,60.0,49.18,
231,43.0,57.0,49.98,
232,43.0,59.0,49.7,
233,43.0,59.0,49.72,
234,43.0,57.0,49.02,
235,43.0,62.0,49.14,
236,44.0,58.0,49.08,
237,43.0,57.0,49.14,
238,43.0,57.0,49.04,
239,43.0,58.0,49.48,
240,44.0,57.0,48.6,
241,45.0,57.0,48.66,
242,43.0,56.0,49.04,
243,43.0,56.0,48.58,
244,43.0,56.0,47.94,
245,44.0,56.0,48.54,
246,43.0,57.0,49.9,
247,43.0,56.0,48.54,
248,44.0,55.0,48.78,
249,43.0,54.0,48.08,
250,43.0,57.0,48.24,
251,43.0,57.0,48.38,
252,43.0,61.0,48.78,
253,43.0,58.0,49.06,
254,43.0,59.0,48.5,
255,43.0,55.0,48.38,
256,44.0,54.0,48.02,
257,44.0,56.0,48.8,
258,43.0,58.0,48.84,
259,43.0,56.0,48.14,
260,43.0,58.0,48.22,
261,43.0,56.0,48.36,
262,45.0,59.0,49.34,
263,43.0,56.0,48.38,
264,43.0,57.0,48.72,
265,43.0,55.0,48.28,
266,43.0,54.0,48.08,
267,43.0,57.0,48.24,
268,43.0,54.0,47.8,
269,43.0,59.0,48.18,
270,43.0,57.0,48.32,
271,43.0,55.0,47.82,
272,43.0,56.0,47.94,
273,43.0,56.0,47.82,
274,43.0,54.0,47.38,
275,43.0,53.0,47.26,
276,43.0,56.0,47.7,
277,43.0,58.0,47.78,
278,43.0,54.0,47.2,
279,43.0,53.0,47.22,
280,43.0,57.0,48.18,
281,43.0,60.0,47.72,
282,43.0,53.0,47.6,
283,43.0,55.0,47.02,
284,43.0,58.0,48.08,
285,43.0,56.0,47.56,
286,43.0,60.0,47.7,
287,44.0,60.0,48.42,
288,43.0,55.0,47.6,
289,43.0,55.0,47.64,
290,43.0,54.0,48.08,
291,43.0,57.0,47.44,
292,43.0,54.0,47.72,
293,43.0,56.0,47.3,
294,43.0,57.0,47.88,
295,43.0,53.0,47.92,
296,43.0,56.0,48.02,
297,43.0,60.0,48.42,
298,43.0,56.0,47.46,
299,44.0,58.0,48.24,
300,43.0,57.0,47.38,
301,43.0,55.0,47.88,
302,43.0,54.0,47.54,
303,43.0,61.0,47.7,
304,43.0,59.0,47.52,
305,43.0,54.0,47.24,
306,43.0,53.0,46.72,
307,43.0,56.0,47.6,
308,43.0,57.0,47.56,
309,43.0,57.0,47.94,
310,43.0,56.0,47.46,
311,43.0,53.0,47.5,
312,43.0,54.0,47.0,
313,43.0,57.0,47.58,
314,43.0,55.0,47.36,
315,43.0,55.0,47.34,
316,43.0,59.0,47.72,
317,43.0,55.0,47.3,
318,43.0,55.0,47.06,
319,43.0,55.0,47.78,
320,43.0,53.0,46.98,
321,43.0,58.0,47.4,
322,43.0,55.0,47.16,
323,43.0,55.0,47.08,
324,43.0,57.0,47.2,
325,43.0,56.0,47.74,
326,43.0,57.0,47.38,
327,44.0,53.0,47.02,
328,43.0,59.0,47.86,
329,44.0,56.0,47.62,
330,43.0,57.0,46.7,
331,43.0,53.0,47.44,
332,43.0,60.0,47.98,
333,43.0,52.0,46.62,
334,43.0,53.0,47.22,
335,43.0,56.0,46.94,
336,43.0,54.0,46.6,
337,43.0,58.0,47.78,
338,43.0,54.0,47.12,
339,43.0,54.0,48.0,
340,43.0,55.0,47.3,
341,43.0,59.0,48.06,
342,43.0,58.0,47.2,
343,43.0,60.0,47.96,
344,43.0,61.0,47.32,
345,43.0,53.0,46.46,
346,43.0,55.0,47.02,
347,43.0,57.0,47.42,
348,43.0,56.0,47.02,
349,43.0,54.0,47.46,
350,43.0,56.0,46.86,
351,43.0,53.0,46.98,
352,43.0,55.0,47.12,
353,43.0,55.0,47.48,
354,43.0,57.0,47.64,
355,43.0,57.0,47.52,
356,43.0,54.0,47.22,
357,43.0,60.0,47.46,
358,43.0,53.0,47.08,
359,43.0,59.0,47.86,
360,43.0,55.0,47.0,
361,43.0,58.0,47.08,
362,43.0,57.0,47.52,
363,43.0,57.0,47.78,
364,43.0,57.0,48.64,
365,43.0,53.0,46.94,
366,43.0,53.0,47.62,
367,43.0,54.0,47.18,
368,43.0,54.0,46.76,
369,44.0,55.0,46.72,
370,43.0,55.0,48.0,
371,43.0,57.0,47.54,
372,43.0,54.0,46.94,
373,43.0,55.0,47.7,
374,43.0,56.0,47.2,
375,43.0,51.0,46.28,
376,43.0,55.0,47.12,
377,43.0,56.0,47.2,
378,43.0,54.0,47.28,
379,43.0,56.0,47.14,
380,43.0,59.0,46.96,
381,43.0,56.0,47.34,
382,43.0,50.0,46.02,
383,43.0,55.0,46.7,
384,43.0,53.0,46.62,
385,43.0,58.0,47.48,
386,43.0,59.0,46.96,
387,43.0,54.0,46.88,
388,43.0,55.0,46.98,
389,43.0,54.0,46.24,
390,43.0,56.0,47.74,
391,43.0,54.0,46.84,
392,43.0,51.0,46.78,
393,43.0,54.0,46.42,
394,43.0,53.0,46.78,
395,43.0,53.0,46.62,
396,43.0,52.0,47.04,
397,43.0,53.0,46.48,
398,43.0,54.0,47.46,
399,43.0,57.0,46.42,
400,43.0,51.0,46.26,
401,43.0,51.0,46.44,
402,43.0,52.0,46.28,
403,43.0,55.0,47.2,
404,43.0,60.0,47.18,
405,43.0,61.0,47.2,
406,43.0,52.0,46.48,
407,43.0,55.0,46.48,
408,43.0,58.0,46.86,
409,43.0,54.0,46.04,
410,43.0,57.0,46.12,
411,43.0,58.0,47.02,
412,43.0,53.0,45.96,
413,43.0,52.0,46.68,
414,43.0,59.0,46.54,
415,43.0,54.0,46.66,
416,43.0,54.0,45.92,
417,43.0,56.0,46.48,
418,43.0,57.0,46.88,
419,43.0,56.0,46.9,
420,43.0,54.0,46.38,
421,43.0,56.0,46.46,
422,43.0,53.0,46.42,
423,43.0,55.0,47.28,
424,43.0,53.0,46.24,
425,43.0,59.0,46.68,
426,43.0,57.0,46.5,
427,43.0,57.0,46.6,
428,43.0,52.0,45.94,
429,43.0,53.0,46.68,
430,43.0,54.0,46.42,
431,43.0,57.0,47.08,
432,43.0,56.0,46.06,
433,43.0,54.0,46.82,
434,43.0,52.0,46.76,
435,43.0,56.0,46.88,
436,43.0,58.0,46.68,
437,43.0,55.0,45.84,
438,43.0,58.0,47.2,
439,43.0,53.0,46.66,
440,43.0,54.0,46.0,
441,43.0,53.0,46.7,
442,43.0,55.0,47.06,
443,43.0,55.0,46.7,
444,43.0,56.0,46.88,
445,43.0,54.0,46.46,
446,43.0,54.0,47.14,
447,43.0,56.0,47.24,
448,43.0,57.0,47.32,
449,43.0,54.0,46.54,
450,43.0,57.0,46.78,
451,43.0,53.0,46.98,
452,43.0,58.0,46.28,
453,43.0,52.0,45.94,
454,43.0,53.0,46.62,
455,43.0,53.0,45.96,
456,43.0,53.0,46.82,
457,43.0,53.0,46.38,
458,43.0,57.0,46.82,
459,43.0,54.0,46.86,
460,43.0,53.0,46.38,
461,43.0,53.0,46.42,
462,43.0,53.0,45.74,
463,43.0,52.0,45.3,
464,43.0,55.0,46.76,
465,43.0,51.0,46.36,
466,43.0,58.0,47.02,
467,43.0,51.0,45.68,
468,43.0,55.0,46.38,
469,43.0,55.0,46.32,
470,43.0,51.0,45.48,
471,43.0,52.0,45.84,
472,43.0,62.0,46.64,
473,43.0,55.0,46.5,
474,43.0,54.0,46.22,
475,43.0,60.0,46.3,
476,43.0,53.0,46.16,
477,43.0,55.0,46.0,
478,43.0,54.0,46.2,
479,43.0,53.0,45.48,
480,43.0,53.0,45.96,
481,43.0,54.0,46.26,
482,43.0,53.0,46.2,
483,43.0,53.0,46.26,
484,43.0,54.0,46.72,
485,43.0,53.0,45.68,
486,43.0,54.0,46.8,
487,43.0,51.0,45.7,
488,43.0,51.0,45.9,
489,43.0,52.0,46.04,
490,43.0,55.0,46.94,
491,43.0,52.0,46.66,
492,43.0,54.0,46.26,
493,43.0,56.0,46.52,
494,43.0,59.0,46.64,
495,43.0,53.0,45.98,
496,43.0,53.0,46.2,
497,43.0,55.0,46.28,
498,43.0,59.0,46.24,
499,43.0,55.0,46.28,
500,43.0,54.0,46.52,
501,43.0,58.0,46.92,
502,43.0,52.0,46.86,
503,43.0,52.0,46.34,
504,43.0,54.0,46.86,
505,43.0,55.0,46.52,
506,43.0,56.0,46.28,
507,43.0,54.0,46.28,
508,43.0,56.0,46.56,
509,43.0,58.0,46.34,
510,43.0,57.0,46.44,
511,43.0,54.0,46.58,
512,43.0,53.0,46.26,
513,43.0,53.0,46.44,
514,43.0,53.0,46.66,
515,43.0,55.0,46.0,
516,43.0,53.0,46.34,
517,43.0,57.0,46.22,
518,43.0,56.0,46.36,
519,43.0,55.0,46.3,
520,43.0,53.0,46.3,
521,43.0,55.0,46.44,
522,43.0,54.0,46.76,
523,43.0,56.0,46.62,
524,43.0,52.0,46.52,
525,43.0,55.0,46.98,
526,43.0,55.0,46.22,
527,43.0,54.0,46.64,
528,43.0,54.0,45.86,
529,43.0,57.0,46.62,
530,43.0,53.0,46.56,
531,43.0,54.0,46.2,
532,43.0,55.0,46.18,
533,43.0,61.0,46.48,
534,43.0,54.0,46.0,
535,43.0,56.0,45.78,
536,43.0,53.0,46.08,
537,43.0,53.0,46.08,
538,43.0,54.0,46.62,
539,43.0,56.0,46.42,
540,43.0,52.0,45.98,
541,43.0,55.0,46.72,
542,43.0,53.0,46.7,
543,43.0,52.0,45.56,
544,43.0,56.0,46.36,
545,43.0,54.0,46.16,
546,43.0,58.0,46.86,
547,43.0,61.0,46.24,
548,43.0,50.0,45.4,
549,43.0,53.0,46.0,
550,43.0,52.0,46.06,
551,43.0,52.0,45.68,
552,43.0,51.0,45.92,
553,43.0,55.0,46.24,
554,43.0,54.0,45.82,
555,43.0,59.0,45.96,
556,43.0,51.0,45.7,
557,43.0,51.0,45.64,
558,43.0,54.0,45.1,
559,43.0,53.0,45.88,
560,43.0,56.0,46.3,
561,43.0,55.0,46.36,
562,43.0,54.0,45.8,
563,43.0,51.0,46.1,
564,43.0,54.0,45.64,
565,43.0,53.0,45.3,
566,43.0,55.0,45.78,
567,43.0,51.0,46.22,
568,43.0,52.0,45.5,
569,43.0,53.0,45.36,
570,43.0,51.0,45.86,
571,43.0,53.0,45.16,
572,43.0,57.0,45.58,
573,43.0,55.0,45.3,
574,43.0,52.0,45.3,
575,43.0,53.0,45.48,
576,43.0,51.0,45.68,
577,43.0,53.0,45.84,
578,43.0,52.0,45.86,
579,43.0,55.0,46.2,
580,43.0,54.0,45.52,
581,43.0,52.0,44.9,
582,43.0,53.0,46.12,
583,43.0,56.0,45.76,
584,43.0,50.0,45.46,
585,43.0,53.0,45.56,
586,43.0,54.0,45.68,
587,43.0,51.0,45.6,
588,43.0,53.0,45.88,
589,43.0,54.0,45.3,
590,43.0,57.0,45.74,
591,43.0,53.0,45.4,
592,43.0,50.0,44.98,
593,43.0,50.0,44.94,
594,43.0,50.0,44.76,
595,43.0,52.0,45.42,
596,43.0,54.0,44.94,
597,43.0,51.0,46.0,
598,43.0,56.0,46.06,
599,43.0,51.0,45.08,
600,43.0,54.0,45.78,
601,43.0,54.0,45.64,
602,43.0,51.0,45.24,
603,43.0,54.0,45.84,
604,43.0,53.0,45.42,
605,43.0,55.0,45.52,
606,43.0,52.0,45.4,
607,43.0,51.0,45.34,
608,43.0,52.0,45.34,
609,43.0,48.0,44.74,
610,43.0,51.0,44.94,
611,43.0,52.0,45.24,
612,43.0,54.0,45.28,
613,43.0,51.0,44.9,
614,43.0,53.0,45.56,
615,43.0,50.0,44.98,
616,43.0,56.0,45.6,
617,43.0,52.0,45.16,
618,43.0,50.0,45.22,
619,43.0,50.0,44.66,
620,43.0,54.0,45.22,
621,43.0,53.0,45.36,
622,43.0,55.0,45.5,
623,43.0,52.0,44.7,
624,43.0,50.0,44.6,
625,43.0,54.0,45.4,
626,43.0,50.0,44.86,
627,43.0,50.0,44.66,
628,43.0,50.0,44.74,
629,43.0,53.0,44.62,
630,43.0,55.0,45.5,
631,43.0,53.0,45.48,
632,43.0,50.0,44.94,
633,43.0,52.0,45.46,
634,43.0,50.0,45.1,
635,43.0,52.0,45.16,
636,43.0,50.0,44.96,
637,43.0,54.0,45.42,
638,43.0,50.0,45.08,
639,43.0,59.0,45.42,
640,43.0,53.0,45.48,
641,43.0,50.0,44.92,
642,43.0,51.0,45.14,
643,43.0,51.0,45.14,
644,43.0,53.0,45.46,
645,43.0,56.0,45.46,
646,43.0,51.0,45.28,
647,43.0,54.0,45.3,
648,43.0,52.0,44.96,
649,43.0,56.0,45.04,
650,43.0,50.0,44.92,
651,43.0,53.0,45.42,
652,43.0,50.0,44.82,
653,43.0,53.0,44.82,
654,43.0,55.0,45.52,
655,43.0,54.0,45.34,
656,43.0,50.0,44.12,
657,43.0,50.0,44.88,
658,43.0,54.0,45.08,
659,43.0,56.0,44.98,
660,43.0,55.0,44.82,
661,43.0,53.0,44.6,
662,43.0,51.0,45.02,
663,43.0,56.0,45.0,
664,43.0,52.0,45.46,
665,43.0,50.0,44.92,
666,43.0,50.0,44.52,
667,43.0,53.0,45.26,
668,43.0,52.0,44.64,
669,43.0,53.0,45.12,
670,43.0,51.0,44.94,
671,43.0,52.0,45.32,
672,43.0,53.0,45.06,
673,43.0,50.0,45.24,
674,43.0,50.0,44.72,
675,43.0,52.0,45.1,
676,43.0,51.0,44.82,
677,43.0,53.0,45.28,
678,43.0,51.0,45.2,
679,43.0,56.0,45.08,
680,43.0,55.0,44.66,
681,43.0,53.0,44.98,
682,43.0,51.0,45.02,
683,43.0,52.0,44.8,
684,43.0,52.0,44.94,
685,43.0,49.0,44.26,
686,43.0,54.0,45.2,
687,43.0,52.0,44.64,
688,43.0,51.0,44.9,
689,43.0,51.0,44.72,
690,43.0,56.0,45.1,
691,43.0,53.0,44.8,
692,43.0,48.0,44.42,
693,43.0,53.0,44.62,
694,43.0,51.0,44.82,
695,43.0,55.0,44.98,
696,43.0,50.0,44.66,
697,43.0,53.0,45.18,
698,43.0,58.0,45.36,
699,43.0,53.0,45.36,
700,43.0,52.0,45.32,
701,43.0,50.0,44.82,
702,43.0,53.0,44.46,
703,43.0,51.0,44.54,
704,43.0,51.0,44.84,
705,43.0,51.0,44.42,
706,43.0,55.0,45.38,
707,43.0,51.0,44.72,
708,43.0,52.0,44.78,
709,43.0,51.0,44.64,
710,43.0,50.0,44.44,
711,43.0,50.0,44.58,
712,43.0,50.0,44.6,
713,43.0,53.0,44.94,
714,43.0,53.0,45.48,
715,43.0,51.0,44.64,
716,43.0,49.0,44.76,
717,43.0,51.0,44.88,
718,43.0,52.0,44.7,
719,43.0,50.0,44.9,
720,43.0,51.0,44.76,
721,43.0,49.0,44.5,
722,43.0,52.0,44.88,
723,43.0,53.0,45.16,
724,43.0,49.0,44.34,
725,43.0,52.0,44.78,
726,43.0,51.0,45.34,
727,43.0,55.0,45.06,
728,43.0,53.0,45.2,
729,43.0,48.0,44.14,
730,43.0,52.0,44.6,
731,43.0,50.0,45.0,
732,43.0,51.0,44.74,
733,43.0,49.0,44.64,
734,43.0,50.0,44.52,
735,43.0,52.0,44.42,
736,43.0,53.0,45.06,
737,43.0,53.0,45.06,
738,43.0,53.0,44.6,
739,43.0,50.0,45.04,
740,43.0,55.0,45.1,
741,43.0,52.0,44.54,
742,43.0,54.0,44.76,
743,43.0,52.0,45.24,
744,43.0,50.0,44.4,
745,43.0,50.0,44.58,
746,43.0,52.0,44.72,
747,43.0,53.0,44.72,
748,43.0,53.0,45.08,
749,43.0,53.0,44.8,
750,43.0,49.0,43.94,
751,43.0,49.0,44.52,
752,43.0,50.0,44.1,
753,43.0,51.0,44.62,
754,43.0,52.0,44.82,
755,43.0,51.0,44.82,
756,43.0,49.0,44.38,
757,43.0,49.0,44.18,
758,43.0,49.0,44.36,
759,43.0,51.0,44.44,
760,43.0,50.0,44.42,
761,43.0,49.0,44.56,
762,43.0,50.0,44.92,
763,43.0,53.0,44.92,
764,43.0,51.0,44.36,
765,43.0,50.0,44.6,
766,43.0,49.0,44.58,
767,43.0,51.0,44.12,
768,43.0,50.0,44.72,
769,43.0,49.0,44.44,
770,43.0,52.0,44.04,
771,43.0,50.0,44.78,
772,43.0,50.0,44.46,
773,43.0,49.0,44.3,
774,43.0,50.0,44.22,
775,43.0,49.0,44.4,
776,43.0,52.0,44.52,
777,43.0,49.0,44.22,
778,43.0,55.0,44.84,
779,43.0,56.0,45.08,
780,43.0,51.0,44.76,
781,43.0,53.0,44.0,
782,43.0,50.0,44.32,
783,43.0,54.0,45.14,
784,43.0,50.0,44.3,
785,43.0,51.0,44.64,
786,43.0,50.0,44.18,
787,43.0,54.0,45.2,
788,43.0,52.0,44.42,
789,43.0,50.0,44.54,
790,43.0,50.0,44.36,
791,43.0,55.0,44.46,
792,43.0,51.0,44.68,
793,43.0,50.0,44.64,
794,43.0,49.0,44.24,
795,43.0,49.0,44.54,
796,43.0,55.0,44.54,
797,43.0,50.0,44.2,
798,43.0,51.0,44.56,
799,43.0,50.0,44.24,
800,43.0,48.0,43.82,
801,43.0,49.0,44.66,
802,43.0,50.0,44.42,
803,43.0,52.0,44.72,
804,43.0,53.0,44.7,
805,43.0,51.0,44.28,
806,43.0,51.0,44.62,
807,43.0,49.0,44.32,
808,43.0,49.0,44.0,
809,43.0,55.0,44.48,
810,43.0,49.0,44.06,
811,43.0,49.0,44.1,
812,43.0,51.0,44.12,
813,43.0,50.0,44.36,
814,43.0,52.0,44.66,
815,43.0,50.0,44.44,
816,43.0,50.0,44.44,
817,43.0,52.0,44.74,
818,43.0,48.0,43.94,
819,43.0,54.0,44.82,
820,43.0,50.0,44.16,
821,43.0,51.0,44.32,
822,43.0,53.0,45.1,
823,43.0,52.0,44.56,
824,43.0,51.0,44.16,
825,43.0,50.0,44.4,
826,43.0,48.0,44.48,
827,43.0,53.0,44.44,
828,43.0,49.0,44.08,
829,43.0,51.0,44.3,
830,43.0,48.0,43.78,
831,43.0,54.0,44.14,
832,43.0,49.0,44.02,
833,43.0,49.0,44.42,
834,43.0,52.0,44.22,
835,43.0,49.0,44.34,
836,43.0,51.0,44.38,
837,43.0,50.0,44.48,
838,43.0,51.0,44.48,
839,43.0,50.0,44.58,
840,43.0,48.0,44.1,
841,43.0,49.0,44.5,
842,43.0,48.0,44.3,
843,43.0,50.0,44.78,
844,43.0,49.0,43.74,
845,43.0,49.0,44.08,
846,43.0,50.0,44.7,
847,43.0,52.0,44.52,
848,43.0,53.0,44.38,
849,43.0,50.0,44.5,
850,43.0,48.0,43.86,
851,43.0,48.0,44.0,
852,43.0,49.0,43.96,
853,43.0,51.0,44.12,
854,43.0,51.0,44.0,
855,43.0,52.0,45.2,
856,43.0,50.0,44.6,
857,43.0,48.0,44.04,
858,43.0,52.0,44.38,
859,43.0,52.0,44.04,
860,43.0,52.0,43.9,
861,43.0,54.0,44.16,
862,43.0,50.0,44.16,
863,43.0,49.0,44.42,
864,43.0,51.0,43.78,
865,43.0,50.0,44.24,
866,43.0,47.0,44.14,
867,43.0,49.0,44.28,
868,43.0,47.0,44.22,
869,43.0,52.0,44.58,
870,43.0,48.0,44.32,
871,43.0,48.0,44.16,
872,43.0,50.0,44.02,
873,43.0,49.0,44.1,
874,43.0,53.0,44.22,
875,43.0,49.0,44.52,
876,43.0,49.0,44.6,
877,43.0,50.0,44.6,
878,43.0,49.0,44.4,
879,43.0,49.0,44.52,
880,43.0,50.0,44.56,
881,43.0,49.0,44.44,
882,43.0,49.0,43.84,
883,43.0,48.0,44.02,
884,43.0,49.0,44.24,
885,43.0,50.0,44.22,
886,43.0,49.0,44.08,
887,43.0,48.0,44.06,
888,43.0,56.0,44.36,
889,43.0,50.0,44.4,
890,43.0,50.0,44.38,
891,43.0,51.0,44.34,
892,43.0,48.0,44.14,
893,43.0,51.0,44.22,
894,43.0,50.0,44.74,
895,43.0,53.0,44.42,
896,43.0,50.0,44.68,
897,43.0,49.0,44.12,
898,43.0,47.0,43.8,
899,43.0,50.0,44.26,
900,43.0,48.0,44.16,
901,43.0,50.0,44.32,
902,43.0,50.0,44.9,
903,43.0,55.0,44.54,
904,43.0,49.0,43.98,
905,43.0,49.0,44.46,
906,43.0,49.0,44.02,
907,43.0,48.0,43.9,
908,43.0,48.0,43.88,
909,43.0,55.0,44.38,
910,43.0,51.0,44.56,
911,43.0,51.0,44.34,
912,43.0,49.0,43.86,
913,43.0,49.0,44.08,
914,43.0,51.0,44.22,
915,43.0,49.0,44.1,
916,43.0,48.0,43.98,
917,43.0,52.0,44.44,
918,43.0,47.0,43.8,
919,43.0,53.0,44.74,
920,43.0,50.0,44.08,
921,43.0,50.0,43.9,
922,43.0,48.0,43.76,
923,43.0,49.0,44.14,
924,43.0,51.0,44.04,
925,43.0,50.0,44.28,
926,43.0,48.0,43.92,
927,43.0,50.0,44.28,
928,43.0,47.0,43.52,
929,43.0,48.0,43.8,
930,43.0,53.0,44.12,
931,43.0,51.0,44.06,
932,43.0,50.0,44.06,
933,43.0,50.0,44.06,
934,43.0,50.0,44.28,
935,43.0,50.0,44.32,
936,43.0,51.0,43.76,
937,43.0,47.0,43.78,
938,43.0,47.0,43.88,
939,43.0,50.0,43.92,
940,43.0,49.0,43.76,
941,43.0,48.0,44.24,
942,43.0,47.0,43.74,
943,43.0,49.0,44.02,
944,43.0,51.0,44.24,
945,43.0,51.0,44.02,
946,43.0,47.0,43.74,
947,43.0,50.0,44.12,
948,43.0,49.0,43.86,
949,43.0,50.0,44.12,
950,43.0,52.0,44.06,
951,43.0,52.0,44.02,
952,43.0,48.0,43.9,
953,43.0,47.0,43.84,
954,43.0,51.0,44.14,
955,43.0,49.0,44.04,
956,43.0,48.0,43.88,
957,43.0,50.0,44.14,
958,43.0,54.0,44.6,
959,43.0,49.0,44.36,
960,43.0,49.0,44.22,
961,43.0,50.0,44.2,
962,43.0,49.0,43.64,
963,43.0,50.0,44.2,
964,43.0,50.0,44.52,
965,43.0,50.0,43.84,
966,43.0,50.0,44.3,
967,43.0,49.0,44.24,
968,43.0,48.0,43.78,
969,43.0,49.0,43.9,
970,43.0,51.0,44.3,
971,43.0,50.0,44.26,
972,43.0,48.0,43.92,
973,43.0,53.0,44.3,
974,43.0,50.0,43.96,
975,43.0,52.0,44.04,
976,43.0,52.0,44.18,
977,43.0,51.0,44.22,
978,43.0,50.0,44.2,
979,43.0,52.0,44.2,
980,43.0,50.0,44.28,
981,43.0,49.0,44.24,
982,43.0,49.0,44.0,
983,43.0,48.0,43.98,
984,43.0,56.0,44.46,
985,43.0,50.0,44.2,
986,43.0,51.0,44.18,
987,43.0,46.0,43.74,
988,43.0,50.0,43.82,
989,43.0,49.0,44.04,
990,43.0,49.0,43.52,
991,43.0,50.0,44.18,
992,43.0,49.0,43.78,
993,43.0,49.0,44.0,
994,43.0,50.0,43.98,
995,43.0,49.0,44.12,
996,43.0,49.0,44.38,
997,43.0,47.0,43.74,
998,43.0,53.0,44.4,
999,43.0,49.0,44.54,
1000,43.0,47.0,43.74,
1001,43.0,48.0,43.84,
1002,43.0,48.0,43.64,
1003,43.0,51.0,43.84,
1004,43.0,52.0,44.28,
1005,43.0,50.0,43.8,
1006,43.0,50.0,44.36,
1007,43.0,49.0,44.12,
1008,43.0,51.0,43.82,
1009,43.0,52.0,43.66,
1010,43.0,49.0,44.04,
1011,43.0,52.0,43.96,
1012,43.0,52.0,44.02,
1013,43.0,50.0,43.9,
1014,43.0,48.0,43.96,
1015,43.0,52.0,44.36,
1016,43.0,48.0,43.86,
1017,43.0,47.0,43.66,
1018,43.0,53.0,44.4,
1019,43.0,47.0,43.86,
1020,43.0,48.0,43.86,
1021,43.0,50.0,43.8,
1022,43.0,54.0,44.14,
1023,43.0,51.0,44.22,
1024,43.0,54.0,44.14,
1025,43.0,48.0,44.26,
1026,43.0,47.0,43.7,
1027,43.0,49.0,44.06,
1028,43.0,49.0,43.46,
1029,43.0,48.0,43.8,
1030,43.0,50.0,43.84,
1031,43.0,49.0,44.06,
1032,43.0,48.0,43.68,
1033,43.0,50.0,43.88,
1034,43.0,50.0,43.94,
1035,43.0,50.0,43.84,
1036,43.0,52.0,44.14,
1037,43.0,50.0,43.98,
1038,43.0,47.0,43.9,
1039,43.0,50.0,43.88,
1040,43.0,51.0,43.96,
1041,43.0,49.0,43.96,
1042,43.0,50.0,43.76,
1043,43.0,48.0,44.0,
1044,43.0,49.0,43.96,
1045,43.0,48.0,43.98,
1046,43.0,47.0,43.54,
1047,43.0,46.0,43.58,
1048,43.0,48.0,43.86,
1049,43.0,49.0,43.82,
1050,43.0,47.0,43.86,
1051,43.0,50.0,44.3,
1052,43.0,51.0,44.28,
1053,43.0,49.0,44.08,
1054,43.0,50.0,44.02,
1055,43.0,48.0,43.98,
1056,43.0,49.0,43.6,
1057,43.0,51.0,44.1,
1058,43.0,50.0,43.78,
1059,43.0,52.0,44.1,
1060,43.0,46.0,43.56,
1061,43.0,51.0,43.94,
1062,43.0,50.0,44.14,
1063,43.0,48.0,44.24,
1064,43.0,50.0,43.94,
1065,43.0,51.0,43.92,
1066,43.0,50.0,43.72,
1067,43.0,49.0,43.7,
1068,43.0,49.0,43.96,
1069,43.0,47.0,43.52,
1070,43.0,49.0,43.74,
1071,43.0,54.0,43.98,
1072,43.0,50.0,43.92,
1073,43.0,47.0,43.74,
1074,43.0,47.0,43.8,
1075,43.0,47.0,43.74,
1076,43.0,48.0,43.7,
1077,43.0,50.0,43.88,
1078,43.0,48.0,43.78,
1079,43.0,47.0,43.7,
1080,43.0,51.0,43.98,
1081,43.0,48.0,44.06,
1082,43.0,49.0,44.2,
1083,43.0,49.0,43.96,
1084,43.0,47.0,43.7,
1085,43.0,51.0,43.86,
1086,43.0,49.0,43.82,
1087,43.0,47.0,43.74,
1088,43.0,47.0,43.58,
1089,43.0,50.0,43.74,
1090,43.0,48.0,43.84,
1091,43.0,52.0,44.36,
1092,43.0,48.0,44.1,
1093,43.0,48.0,43.7,
1094,43.0,49.0,44.04,
1095,43.0,48.0,43.96,
1096,43.0,48.0,43.92,
1097,43.0,52.0,43.84,
1098,43.0,52.0,43.66,
1099,43.0,52.0,44.16,
1100,43.0,48.0,43.96,
1101,43.0,49.0,43.9,
1102,43.0,48.0,43.68,
1103,43.0,50.0,43.9,
1104,43.0,48.0,43.78,
1105,43.0,47.0,43.7,
1106,43.0,48.0,44.0,
1107,43.0,49.0,44.26,
1108,43.0,50.0,43.9,
1109,43.0,47.0,43.78,
1110,43.0,50.0,44.0,
1111,43.0,49.0,44.02,
1112,43.0,49.0,43.98,
1113,43.0,48.0,44.02,
1114,43.0,48.0,43.78,
1115,43.0,47.0,43.74,
1116,43.0,49.0,43.8,
1117,43.0,50.0,44.24,
1118,43.0,47.0,43.6,
1119,43.0,50.0,44.0,
1120,43.0,50.0,43.86,
1121,43.0,50.0,43.88,
1122,43.0,51.0,44.32,
1123,43.0,48.0,43.9,
1124,43.0,47.0,43.98,
1125,43.0,52.0,43.86,
1126,43.0,51.0,43.94,
1127,43.0,49.0,43.9,
1128,43.0,51.0,43.88,
1129,43.0,49.0,44.16,
1130,43.0,50.0,43.92,
1131,43.0,47.0,43.74,
1132,43.0,52.0,44.0,
1133,43.0,50.0,44.1,
1134,43.0,47.0,43.7,
1135,43.0,50.0,44.2,
1136,43.0,48.0,44.12,
1137,43.0,50.0,44.18,
1138,43.0,48.0,43.68,
1139,43.0,47.0,43.9,
1140,43.0,53.0,44.14,
1141,43.0,50.0,44.06,
1142,43.0,50.0,44.28,
1143,43.0,48.0,43.7,
1144,43.0,48.0,43.76,
1145,43.0,50.0,43.86,
1146,43.0,49.0,43.94,
1147,43.0,55.0,44.0,
1148,43.0,49.0,43.78,
1149,43.0,50.0,43.8,
1150,43.0,52.0,43.96,
1151,43.0,50.0,43.86,
1152,43.0,50.0,44.16,
1153,43.0,47.0,43.68,
1154,43.0,54.0,44.24,
1155,43.0,47.0,43.9,
1156,43.0,47.0,43.8,
1157,43.0,48.0,43.5,
1158,43.0,51.0,43.7,
1159,43.0,49.0,43.92,
1160,43.0,50.0,43.64,
1161,43.0,49.0,43.9,
1162,43.0,48.0,43.6,
1163,43.0,50.0,43.8,
1164,43.0,49.0,43.68,
1165,43.0,49.0,43.78,
1166,43.0,51.0,43.78,
1167,43.0,47.0,43.96,
1168,43.0,47.0,43.7,
1169,43.0,49.0,43.62,
1170,43.0,49.0,43.66,
1171,43.0,48.0,43.68,
1172,43.0,47.0,43.52,
1173,43.0,47.0,43.68,
1174,43.0,46.0,43.6,
1175,43.0,46.0,43.7,
1176,43.0,49.0,43.56,
1177,43.0,48.0,43.5,
1178,43.0,48.0,43.64,
1179,43.0,50.0,43.9,
1180,43.0,47.0,43.72,
1181,43.0,50.0,43.74,
1182,43.0,54.0,44.08,
1183,43.0,47.0,43.72,
1184,43.0,49.0,43.7,
1185,43.0,50.0,44.16,
1186,43.0,50.0,43.74,
1187,43.0,50.0,43.96,
1188,43.0,48.0,43.62,
1189,43.0,49.0,43.52,
1190,43.0,47.0,43.86,
1191,43.0,46.0,43.8,
1192,43.0,49.0,43.84,
1193,43.0,49.0,43.74,
1194,43.0,47.0,43.88,
1195,43.0,48.0,43.52,
1196,43.0,48.0,43.8,
1197,43.0,47.0,43.6,
1198,43.0,48.0,43.84,
1199,43.0,48.0,44.08,
1200,43.0,48.0,43.76,
1201,43.0,45.0,43.38,
1202,43.0,48.0,43.62,
1203,43.0,49.0,43.7,
1204,43.0,49.0,43.8,
1205,43.0,47.0,43.54,
1206,43.0,48.0,43.78,
1207,43.0,52.0,43.74,
1208,43.0,48.0,43.8,
1209,43.0,47.0,43.74,
1210,43.0,50.0,43.74,
1211,43.0,47.0,43.66,
1212,43.0,49.0,43.82,
1213,43.0,48.0,43.68,
1214,43.0,47.0,43.52,
1215,43.0,51.0,43.98,
1216,43.0,49.0,43.94,
1217,43.0,46.0,43.68,
1218,43.0,47.0,43.78,
1219,43.0,48.0,43.94,
1220,43.0,48.0,43.88,
1221,43.0,50.0,43.68,
1222,43.0,49.0,43.86,
1223,43.0,48.0,43.84,
1224,43.0,48.0,43.6,
1225,43.0,50.0,43.62,
1226,43.0,48.0,43.54,
1227,43.0,46.0,43.36,
1228,43.0,49.0,43.54,
1229,43.0,48.0,44.06,
1230,43.0,48.0,43.68,
1231,43.0,47.0,43.66,
1232,43.0,48.0,43.82,
1233,43.0,49.0,43.92,
1234,43.0,52.0,43.82,
1235,43.0,50.0,43.58,
1236,43.0,51.0,43.96,
1237,43.0,48.0,43.48,
1238,43.0,49.0,43.7,
1239,43.0,51.0,43.8,
1240,43.0,47.0,43.34,
1241,43.0,47.0,43.32,
1242,43.0,53.0,43.98,
1243,43.0,49.0,43.8,
1244,43.0,51.0,43.82,
1245,43.0,49.0,43.5,
1246,43.0,48.0,43.46,
1247,43.0,49.0,43.78,
1248,43.0,49.0,43.62,
1249,43.0,48.0,43.84,
1250,43.0,48.0,43.74,
1251,43.0,48.0,43.52,
1252,43.0,45.0,43.38,
1253,43.0,49.0,43.46,
1254,43.0,47.0,43.5,
1255,43.0,46.0,43.54,
1256,43.0,49.0,43.86,
1257,43.0,46.0,43.46,
1258,43.0,50.0,43.74,
1259,43.0,48.0,43.72,
1260,43.0,48.0,43.48,
1261,43.0,50.0,43.68,
1262,43.0,46.0,43.62,
1263,43.0,47.0,43.88,
1264,43.0,48.0,43.6,
1265,43.0,47.0,43.66,
1266,43.0,46.0,43.58,
1267,43.0,49.0,43.58,
1268,43.0,48.0,43.72,
1269,43.0,48.0,43.5,
1270,43.0,47.0,43.36,
1271,43.0,48.0,43.58,
1272,43.0,47.0,43.48,
1273,43.0,48.0,43.54,
1274,43.0,48.0,43.78,
1275,43.0,49.0,43.74,
1276,43.0,48.0,43.4,
1277,43.0,47.0,43.56,
1278,43.0,49.0,43.44,
1279,43.0,46.0,43.28,
1280,43.0,47.0,43.56,
1281,43.0,48.0,43.64,
1282,43.0,48.0,43.5,
1283,43.0,47.0,43.56,
1284,43.0,48.0,43.62,
1285,43.0,49.0,43.82,
1286,43.0,50.0,43.74,
1287,43.0,49.0,43.62,
1288,43.0,47.0,43.64,
1289,43.0,46.0,43.68,
1290,43.0,48.0,43.56,
1291,43.0,49.0,43.7,
1292,43.0,46.0,43.32,
1293,43.0,49.0,43.84,
1294,43.0,49.0,43.46,
1295,43.0,47.0,43.64,
1296,43.0,46.0,43.48,
1297,43.0,49.0,43.62,
1298,43.0,46.0,43.5,
1299,43.0,49.0,43.66,
1300,43.0,47.0,43.56,
1301,43.0,47.0,43.88,
1302,43.0,48.0,43.46,
1303,43.0,48.0,43.86,
1304,43.0,47.0,43.5,
1305,43.0,46.0,43.62,
1306,43.0,49.0,43.88,
1307,43.0,48.0,43.68,
1308,43.0,51.0,43.84,
1309,43.0,50.0,43.8,
1310,43.0,48.0,43.62,
1311,43.0,47.0,43.8,
1312,43.0,47.0,43.76,
1313,43.0,47.0,43.54,
1314,43.0,48.0,43.42,
1315,43.0,47.0,43.66,
1316,43.0,50.0,43.76,
1317,43.0,48.0,43.64,
1318,43.0,49.0,43.54,
1319,43.0,47.0,43.62,
1320,43.0,49.0,43.7,
1321,43.0,48.0,43.68,
1322,43.0,49.0,43.38,
1323,43.0,50.0,44.12,
1324,43.0,46.0,43.3,
1325,43.0,46.0,43.58,
1326,43.0,49.0,43.34,
1327,43.0,46.0,43.4,
1328,43.0,46.0,43.38,
1329,43.0,47.0,43.72,
1330,43.0,50.0,43.76,
1331,43.0,48.0,43.76,
1332,43.0,50.0,43.6,
1333,43.0,46.0,43.48,
1334,43.0,47.0,43.56,
1335,43.0,49.0,43.58,
1336,43.0,49.0,43.84,
1337,43.0,49.0,43.74,
1338,43.0,48.0,43.68,
1339,43.0,47.0,43.56,
1340,43.0,48.0,43.5,
1341,43.0,48.0,43.76,
1342,43.0,47.0,43.54,
1343,43.0,49.0,43.7,
1344,43.0,47.0,43.26,
1345,43.0,47.0,43.36,
1346,43.0,46.0,43.46,
1347,43.0,48.0,43.56,
1348,43.0,47.0,43.6,
1349,43.0,50.0,43.82,
1350,43.0,47.0,43.64,
1351,43.0,48.0,43.46,
1352,43.0,47.0,43.62,
1353,43.0,48.0,43.46,
1354,43.0,50.0,43.56,
1355,43.0,48.0,43.7,
1356,43.0,48.0,43.5,
1357,43.0,50.0,43.64,
1358,43.0,51.0,43.44,
1359,43.0,48.0,43.4,
1360,43.0,47.0,43.64,
1361,43.0,47.0,43.62,
1362,43.0,49.0,43.68,
1363,43.0,47.0,43.68,
1364,43.0,50.0,43.74,
1365,43.0,49.0,43.56,
1366,43.0,46.0,43.32,
1367,43.0,48.0,43.88,
1368,43.0,47.0,43.4,
1369,43.0,46.0,43.38,
1370,43.0,49.0,43.74,
1371,43.0,48.0,43.64,
1372,43.0,46.0,43.36,
1373,43.0,47.0,43.66,
1374,43.0,48.0,43.52,
1375,43.0,49.0,43.52,
1376,43.0,48.0,43.62,
1377,43.0,46.0,43.46,
1378,43.0,48.0,43.82,
1379,43.0,48.0,43.5,
1380,43.0,47.0,43.28,
1381,43.0,45.0,43.32,
1382,43.0,47.0,43.38,
1383,43.0,48.0,43.76,
1384,43.0,48.0,43.66,
1385,43.0,47.0,43.4,
1386,43.0,45.0,43.3,
1387,43.0,47.0,43.66,
1388,43.0,48.0,43.46,
1389,43.0,46.0,43.48,
1390,43.0,49.0,43.82,
1391,43.0,47.0,43.6,
1392,43.0,46.0,43.4,
1393,43.0,48.0,43.66,
1394,43.0,47.0,43.44,
1395,43.0,48.0,43.5,
1396,43.0,48.0,43.84,
1397,43.0,47.0,43.7,
1398,43.0,48.0,43.56,
1399,43.0,50.0,43.56,
1400,43.0,47.0,43.86,
1401,43.0,48.0,43.66,
1402,43.0,50.0,43.66,
1403,43.0,47.0,43.5,
1404,43.0,50.0,43.38,
1405,43.0,49.0,43.5,
1406,43.0,48.0,43.74,
1407,43.0,47.0,43.26,
1408,43.0,48.0,43.52,
1409,43.0,48.0,43.78,
1410,43.0,47.0,43.8,
1411,43.0,46.0,43.3,
1412,43.0,48.0,44.02,
1413,43.0,46.0,43.38,
1414,43.0,47.0,43.34,
1415,43.0,46.0,43.52,
1416,43.0,52.0,43.96,
1417,43.0,47.0,43.54,
1418,43.0,46.0,43.44,
1419,43.0,46.0,43.42,
1420,43.0,48.0,43.6,
1421,43.0,49.0,43.78,
1422,43.0,50.0,43.74,
1423,43.0,49.0,43.54,
1424,43.0,50.0,43.78,
1425,43.0,47.0,43.7,
1426,43.0,48.0,43.84,
1427,43.0,47.0,43.54,
1428,43.0,48.0,43.48,
1429,43.0,48.0,43.56,
1430,43.0,46.0,43.62,
1431,43.0,46.0,43.32,
1432,43.0,48.0,43.78,
1433,43.0,50.0,43.46,
1434,43.0,47.0,43.48,
1435,43.0,47.0,43.72,
1436,43.0,46.0,43.52,
1437,43.0,49.0,43.46,
1438,43.0,49.0,43.76,
1439,43.0,53.0,43.76,
1440,43.0,46.0,43.48,
1441,43.0,48.0,43.36,
1442,43.0,49.0,43.86,
1443,43.0,47.0,43.64,
1444,43.0,52.0,43.62,
1445,43.0,50.0,43.68,
1446,43.0,46.0,43.68,
1447,43.0,48.0,43.9,
1448,43.0,48.0,43.56,
1449,43.0,47.0,43.56,
1450,43.0,47.0,43.48,
1451,43.0,47.0,43.62,
1452,43.0,46.0,43.58,
1453,43.0,46.0,43.34,
1454,43.0,48.0,44.04,
1455,43.0,46.0,43.58,
1456,43.0,50.0,43.72,
1457,43.0,48.0,43.7,
1458,43.0,48.0,43.36,
1459,43.0,45.0,43.16,
1460,43.0,48.0,43.62,
1461,43.0,49.0,43.7,
1462,43.0,48.0,43.56,
1463,43.0,49.0,43.78,
1464,43.0,48.0,43.7,
1465,43.0,47.0,43.68,
1466,43.0,47.0,43.4,
1467,43.0,47.0,43.68,
1468,43.0,48.0,43.66,
1469,43.0,47.0,43.48,
1470,43.0,47.0,43.76,
1471,43.0,50.0,43.48,
1472,43.0,47.0,43.64,
1473,43.0,49.0,43.78,
1474,43.0,47.0,43.58,
1475,43.0,47.0,43.72,
1476,43.0,47.0,43.5,
1477,43.0,47.0,43.72,
1478,43.0,47.0,43.56,
1479,43.0,47.0,43.66,
1480,43.0,46.0,43.64,
1481,43.0,46.0,43.7,
1482,43.0,49.0,43.64,
1483,43.0,47.0,43.58,
1484,43.0,48.0,43.66,
1485,43.0,47.0,43.52,
1486,43.0,47.0,43.48,
1487,43.0,51.0,43.5,
1488,43.0,48.0,43.58,
1489,43.0,49.0,43.74,
1490,43.0,48.0,43.56,
1491,43.0,46.0,43.3,
1492,43.0,48.0,43.78,
1493,43.0,48.0,43.48,
1494,43.0,48.0,43.34,
1495,43.0,49.0,43.76,
1496,43.0,48.0,43.92,
1497,43.0,48.0,43.58,
1498,43.0,50.0,43.54,
1499,43.0,47.0,43.6,
1500,43.0,48.0,43.72,
1501,43.0,47.0,43.72,
1502,43.0,48.0,43.72,
1503,43.0,46.0,43.38,
1504,43.0,49.0,43.78,
1505,43.0,48.0,43.56,
1506,43.0,48.0,43.64,
1507,43.0,49.0,43.6,
1508,43.0,48.0,43.48,
1509,43.0,46.0,43.32,
1510,43.0,48.0,43.58,
1511,43.0,48.0,43.98,
1512,43.0,48.0,43.84,
1513,43.0,47.0,43.64,
1514,43.0,47.0,43.62,
1515,43.0,48.0,43.52,
1516,43.0,46.0,43.78,
1517,43.0,46.0,43.32,
1518,43.0,47.0,43.66,
1519,43.0,49.0,43.9,
1520,43.0,48.0,43.7,
1521,43.0,47.0,43.58,
1522,43.0,47.0,43.46,
1523,43.0,47.0,43.68,
1524,43.0,47.0,43.54,
1525,43.0,46.0,43.48,
1526,43.0,48.0,43.86,
1527,43.0,47.0,43.36,
1528,43.0,47.0,43.7,
1529,43.0,50.0,43.68,
1530,43.0,46.0,43.46,
1531,43.0,46.0,43.64,
1532,43.0,46.0,43.66,
1533,43.0,47.0,43.76,
1534,43.0,47.0,43.44,
1535,43.0,48.0,43.86,
1536,43.0,46.0,43.62,
1537,43.0,48.0,43.96,
1538,43.0,47.0,43.62,
1539,43.0,47.0,43.36,
1540,43.0,47.0,43.82,
1541,43.0,48.0,43.68,
1542,43.0,49.0,43.72,
1543,43.0,48.0,43.66,
1544,43.0,48.0,43.46,
1545,43.0,49.0,43.92,
1546,43.0,48.0,43.66,
1547,43.0,49.0,44.06,
1548,43.0,46.0,43.52,
1549,43.0,47.0,43.68,
1550,43.0,53.0,44.12,
1551,43.0,48.0,43.66,
1552,43.0,47.0,43.6,
1553,43.0,47.0,43.58,
1554,43.0,47.0,43.6,
1555,43.0,46.0,43.52,
1556,43.0,46.0,43.72,
1557,43.0,49.0,43.5,
1558,43.0,47.0,43.82,
1559,43.0,47.0,43.72,
1560,43.0,47.0,43.5,
1561,43.0,48.0,44.0,
1562,43.0,49.0,43.7,
1563,43.0,47.0,43.6,
1564,43.0,49.0,43.94,
1565,43.0,48.0,43.8,
1566,43.0,46.0,43.48,
1567,43.0,49.0,43.9,
1568,43.0,48.0,43.7,
1569,43.0,49.0,43.72,
1570,43.0,50.0,43.9,
1571,43.0,48.0,43.48,
1572,43.0,46.0,43.46,
1573,43.0,49.0,43.6,
1574,43.0,46.0,43.82,
1575,43.0,47.0,43.76,
1576,43.0,48.0,43.92,
1577,43.0,46.0,43.52,
1578,43.0,48.0,43.7,
1579,43.0,47.0,43.58,
1580,43.0,49.0,43.6,
1581,43.0,49.0,43.78,
1582,43.0,49.0,43.82,
1583,43.0,48.0,43.84,
1584,43.0,47.0,43.7,
1585,43.0,49.0,43.96,
1586,43.0,49.0,43.78,
1587,43.0,46.0,43.34,
1588,43.0,47.0,43.74,
1589,43.0,47.0,43.54,
1590,43.0,48.0,43.94,
1591,43.0,49.0,43.48,
1592,43.0,49.0,43.46,
1593,43.0,50.0,43.8,
1594,43.0,48.0,43.46,
1595,43.0,48.0,43.82,
1596,43.0,48.0,43.46,
1597,43.0,47.0,43.72,
1598,43.0,48.0,43.58,
1599,43.0,50.0,43.44,
1600,43.0,48.0,43.68,
1601,43.0,48.0,43.58,
1602,43.0,51.0,43.74,
1603,43.0,49.0,43.5,
1604,43.0,47.0,43.58,
1605,43.0,46.0,43.42,
1606,43.0,47.0,43.76,
1607,43.0,48.0,43.36,
1608,43.0,46.0,43.42,
1609,43.0,47.0,43.42,
1610,43.0,48.0,43.6,
1611,43.0,47.0,43.72,
1612,43.0,46.0,43.52,
1613,43.0,47.0,43.66,
1614,43.0,51.0,43.96,
1615,43.0,51.0,43.86,
1616,43.0,47.0,43.5,
1617,43.0,46.0,43.52,
1618,43.0,46.0,43.66,
1619,43.0,48.0,43.76,
1620,43.0,52.0,43.68,
1621,43.0,47.0,43.58,
1622,43.0,47.0,43.64,
1623,43.0,46.0,43.42,
1624,43.0,49.0,43.84,
1625,43.0,47.0,43.64,
1626,43.0,48.0,43.62,
1627,43.0,45.0,43.54,
1628,43.0,47.0,43.72,
1629,43.0,49.0,43.6,
1630,43.0,46.0,43.38,
1631,43.0,45.0,43.42,
1632,43.0,47.0,43.44,
1633,43.0,46.0,43.48,
1634,43.0,46.0,43.44,
1635,43.0,46.0,43.4,
1636,43.0,50.0,43.78,
1637,43.0,51.0,43.62,
1638,43.0,46.0,43.64,
1639,43.0,47.0,43.5,
1640,43.0,48.0,43.64,
1641,43.0,51.0,44.12,
1642,43.0,47.0,43.54,
1643,43.0,48.0,43.88,
1644,43.0,47.0,43.48,
1645,43.0,47.0,43.5,
1646,43.0,46.0,43.48,
1647,43.0,47.0,43.74,
1648,43.0,46.0,43.42,
1649,43.0,49.0,43.58,
1650,43.0,47.0,43.88,
1651,43.0,48.0,43.9,
1652,43.0,47.0,43.66,
1653,43.0,46.0,43.38,
1654,43.0,48.0,43.66,
1655,43.0,46.0,43.54,
1656,43.0,48.0,43.54,
1657,43.0,47.0,43.48,
1658,43.0,47.0,43.56,
1659,43.0,47.0,43.58,
1660,43.0,47.0,43.74,
1661,43.0,48.0,43.5,
1662,43.0,47.0,43.7,
1663,43.0,46.0,43.54,
1664,43.0,47.0,43.74,
1665,43.0,46.0,43.42,
1666,43.0,48.0,43.48,
1667,43.0,47.0,43.46,
1668,43.0,47.0,43.74,
1669,43.0,47.0,43.5,
1670,43.0,48.0,43.76,
1671,43.0,47.0,43.58,
1672,43.0,48.0,43.78,
1673,43.0,47.0,43.76,
1674,43.0,46.0,43.5,
1675,43.0,47.0,43.72,
1676,43.0,47.0,43.6,
1677,43.0,46.0,43.52,
1678,43.0,49.0,43.74,
1679,43.0,48.0,43.52,
1680,43.0,46.0,43.44,
1681,43.0,46.0,43.56,
1682,43.0,48.0,43.62,
1683,43.0,46.0,43.48,
1684,43.0,47.0,43.54,
1685,43.0,46.0,43.42,
1686,43.0,48.0,43.54,
1687,43.0,45.0,43.62,
1688,43.0,46.0,43.54,
1689,43.0,47.0,43.56,
1690,43.0,47.0,43.5,
1691,43.0,49.0,43.52,
1692,43.0,45.0,43.22,
1693,43.0,46.0,43.5,
1694,43.0,46.0,43.48,
1695,43.0,47.0,43.5,
1696,43.0,48.0,43.8,
1697,43.0,49.0,43.5,
1698,43.0,47.0,43.78,
1699,43.0,46.0,43.32,
1700,43.0,49.0,43.52,
1701,43.0,46.0,43.56,
1702,43.0,47.0,43.64,
1703,43.0,46.0,43.68,
1704,43.0,47.0,43.52,
1705,43.0,45.0,43.34,
1706,43.0,47.0,43.52,
1707,43.0,49.0,43.6,
1708,43.0,48.0,43.54,
1709,43.0,46.0,43.6,
1710,43.0,48.0,43.76,
1711,43.0,50.0,43.74,
1712,43.0,47.0,43.74,
1713,43.0,46.0,43.62,
1714,43.0,46.0,43.5,
1715,43.0,49.0,43.56,
1716,43.0,46.0,43.5,
1717,43.0,47.0,43.6,
1718,43.0,46.0,43.46,
1719,43.0,48.0,43.64,
1720,43.0,46.0,43.4,
1721,43.0,47.0,43.48,
1722,43.0,47.0,43.44,
1723,43.0,45.0,43.28,
1724,43.0,48.0,43.48,
1725,43.0,47.0,43.82,
1726,43.0,47.0,43.66,
1727,43.0,46.0,43.54,
1728,43.0,46.0,43.62,
1729,43.0,47.0,43.56,
1730,43.0,46.0,43.52,
1731,43.0,45.0,43.48,
1732,43.0,47.0,43.84,
1733,43.0,47.0,43.5,
1734,43.0,47.0,43.46,
1735,43.0,49.0,43.78,
1736,43.0,47.0,43.62,
1737,43.0,47.0,43.58,
1738,43.0,46.0,43.56,
1739,43.0,47.0,43.64,
1740,43.0,45.0,43.28,
1741,43.0,47.0,43.64,
1742,43.0,47.0,43.52,
1743,43.0,49.0,43.44,
1744,43.0,47.0,43.58,
1745,43.0,49.0,43.44,
1746,43.0,48.0,43.58,
1747,43.0,46.0,43.38,
1748,43.0,47.0,43.44,
1749,43.0,49.0,43.9,
1750,43.0,46.0,43.52,
1751,43.0,48.0,43.6,
1752,43.0,49.0,43.62,
1753,43.0,46.0,43.54,
1754,43.0,46.0,43.64,
1755,43.0,46.0,43.44,
1756,43.0,47.0,43.78,
1757,43.0,47.0,43.64,
1758,43.0,46.0,43.4,
1759,43.0,45.0,43.34,
1760,43.0,49.0,43.66,
1761,43.0,50.0,43.48,
1762,43.0,45.0,43.3,
1763,43.0,47.0,43.66,
1764,43.0,50.0,43.68,
1765,43.0,46.0,43.46,
1766,43.0,47.0,43.66,
1767,43.0,46.0,43.58,
1768,43.0,48.0,43.62,
1769,43.0,48.0,43.5,
1770,43.0,48.0,43.56,
1771,43.0,47.0,43.54,
1772,43.0,48.0,43.72,
1773,43.0,48.0,43.74,
1774,43.0,48.0,43.86,
1775,43.0,45.0,43.38,
1776,43.0,46.0,43.56,
1777,43.0,47.0,43.68,
1778,43.0,47.0,43.56,
1779,43.0,48.0,43.8,
1780,43.0,49.0,43.48,
1781,43.0,48.0,43.88,
1782,43.0,47.0,43.6,
1783,43.0,48.0,43.82,
1784,43.0,47.0,43.56,
1785,43.0,48.0,43.74,
1786,43.0,48.0,43.7,
1787,43.0,48.0,43.46,
1788,43.0,47.0,43.54,
1789,43.0,45.0,43.3,
1790,43.0,50.0,43.7,
1791,43.0,47.0,43.58,
1792,43.0,48.0,43.68,
1793,43.0,48.0,43.78,
1794,43.0,46.0,43.54,
1795,43.0,46.0,43.48,
1796,43.0,46.0,43.7,
1797,43.0,47.0,43.82,
1798,43.0,47.0,43.66,
1799,43.0,49.0,43.6,
1800,43.0,47.0,43.74,
1801,43.0,46.0,43.66,
1802,43.0,47.0,43.66,
1803,43.0,45.0,43.4,
1804,43.0,47.0,43.54,
1805,43.0,46.0,43.54,
1806,43.0,47.0,43.62,
1807,43.0,47.0,43.44,
1808,43.0,46.0,43.36,
1809,43.0,47.0,43.4,
1810,43.0,47.0,43.58,
1811,43.0,47.0,43.7,
1812,43.0,47.0,43.58,
1813,43.0,48.0,43.82,
1814,43.0,47.0,43.56,
1815,43.0,46.0,43.54,
1816,43.0,47.0,43.58,
1817,43.0,48.0,43.5,
1818,43.0,45.0,43.62,
1819,43.0,46.0,43.46,
1820,43.0,46.0,43.4,
1821,43.0,47.0,43.4,
1822,43.0,48.0,43.6,
1823,43.0,47.0,43.54,
1824,43.0,46.0,43.36,
1825,43.0,48.0,43.44,
1826,43.0,46.0,43.48,
1827,43.0,49.0,43.54,
1828,43.0,47.0,43.4,
1829,43.0,47.0,43.74,
1830,43.0,48.0,43.58,
1831,43.0,46.0,43.6,
1832,43.0,45.0,43.3,
1833,43.0,46.0,43.38,
1834,43.0,48.0,43.52,
1835,43.0,47.0,43.44,
1836,43.0,47.0,43.5,
1837,43.0,45.0,43.44,
1838,43.0,48.0,43.42,
1839,43.0,48.0,43.58,
1840,43.0,46.0,43.46,
1841,43.0,46.0,43.32,
1842,43.0,47.0,43.56,
1843,43.0,47.0,43.52,
1844,43.0,47.0,43.78,
1845,43.0,47.0,43.96,
1846,43.0,48.0,43.58,
1847,43.0,48.0,43.64,
1848,43.0,46.0,43.56,
1849,43.0,48.0,43.5,
1850,43.0,47.0,43.58,
1851,43.0,47.0,43.66,
1852,43.0,46.0,43.64,
1853,43.0,46.0,43.46,
1854,43.0,48.0,43.7,
1855,43.0,47.0,43.58,
1856,43.0,49.0,43.64,
1857,43.0,48.0,43.5,
1858,43.0,49.0,43.94,
1859,43.0,49.0,43.64,
1860,43.0,45.0,43.44,
1861,43.0,46.0,43.54,
1862,43.0,45.0,43.42,
1863,43.0,48.0,43.54,
1864,43.0,49.0,43.76,
1865,43.0,46.0,43.52,
1866,43.0,48.0,43.74,
1867,43.0,47.0,43.46,
1868,43.0,46.0,43.38,
1869,43.0,47.0,43.74,
1870,43.0,45.0,43.46,
1871,43.0,46.0,43.34,
1872,43.0,50.0,43.56,
1873,43.0,48.0,43.86,
1874,43.0,48.0,43.86,
1875,43.0,46.0,43.6,
1876,43.0,46.0,43.42,
1877,43.0,49.0,43.74,
1878,43.0,48.0,43.64,
1879,43.0,48.0,43.8,
1880,43.0,47.0,43.52,
1881,43.0,47.0,43.68,
1882,43.0,46.0,43.52,
1883,43.0,46.0,43.52,
1884,43.0,47.0,43.44,
1885,43.0,48.0,43.58,
1886,43.0,46.0,43.64,
1887,43.0,48.0,43.68,
1888,43.0,46.0,43.64,
1889,43.0,47.0,43.7,
1890,43.0,48.0,43.78,
1891,43.0,49.0,43.92,
1892,43.0,46.0,43.58,
1893,43.0,47.0,43.56,
1894,43.0,48.0,43.66,
1895,43.0,48.0,43.6,
1896,43.0,48.0,43.66,
1897,43.0,46.0,43.52,
1898,43.0,49.0,43.6,
1899,43.0,48.0,43.6,
1900,43.0,50.0,43.68,
1901,43.0,46.0,43.56,
1902,43.0,46.0,43.56,
1903,43.0,48.0,43.62,
1904,43.0,47.0,43.54,
1905,43.0,47.0,43.54,
1906,43.0,46.0,43.38,
1907,43.0,50.0,43.76,
1908,43.0,47.0,43.76,
1909,43.0,47.0,43.54,
1910,43.0,49.0,43.56,
1911,43.0,47.0,43.76,
1912,43.0,47.0,43.7,
1913,43.0,50.0,43.98,
1914,43.0,48.0,43.74,
1915,43.0,48.0,43.84,
1916,43.0,46.0,43.5,
1917,43.0,47.0,43.34,
1918,43.0,46.0,43.38,
1919,43.0,46.0,43.46,
1920,43.0,47.0,43.48,
1921,43.0,47.0,43.44,
1922,43.0,47.0,43.5,
1923,43.0,46.0,43.46,
1924,43.0,46.0,43.58,
1925,43.0,48.0,43.74,
1926,43.0,46.0,43.54,
1927,43.0,50.0,43.74,
1928,43.0,48.0,43.64,
1929,43.0,46.0,43.46,
1930,43.0,47.0,43.78,
1931,43.0,51.0,44.06,
1932,43.0,47.0,43.82,
1933,43.0,47.0,43.36,
1934,43.0,50.0,43.68,
1935,43.0,48.0,43.54,
1936,43.0,49.0,43.76,
1937,43.0,47.0,43.7,
1938,43.0,48.0,43.5,
1939,43.0,47.0,43.7,
1940,43.0,48.0,43.58,
1941,43.0,47.0,43.54,
1942,43.0,46.0,43.42,
1943,43.0,49.0,43.64,
1944,43.0,47.0,43.74,
1945,43.0,46.0,43.38,
1946,43.0,47.0,43.48,
1947,43.0,46.0,43.66,
1948,43.0,47.0,43.58,
1949,43.0,46.0,43.5,
1950,43.0,47.0,43.52,
1951,43.0,48.0,43.68,
1952,43.0,45.0,43.38,
1953,43.0,47.0,43.7,
1954,43.0,46.0,43.68,
1955,43.0,47.0,43.54,
1956,43.0,48.0,43.58,
1957,43.0,47.0,43.64,
1958,43.0,48.0,43.5,
1959,43.0,46.0,43.44,
1960,43.0,49.0,43.6,
1961,43.0,47.0,43.54,
1962,43.0,45.0,43.56,
1963,43.0,47.0,43.38,
1964,43.0,48.0,43.6,
1965,43.0,48.0,43.58,
1966,43.0,48.0,43.76,
1967,43.0,47.0,43.58,
1968,43.0,50.0,43.58,
1969,43.0,47.0,43.52,
1970,43.0,46.0,43.5,
1971,43.0,48.0,43.68,
1972,43.0,46.0,43.54,
1973,43.0,48.0,43.56,
1974,43.0,45.0,43.46,
1975,43.0,45.0,43.66,
1976,43.0,47.0,43.44,
1977,43.0,48.0,43.86,
1978,43.0,48.0,43.78,
1979,43.0,46.0,43.8,
1980,43.0,48.0,43.94,
1981,43.0,45.0,43.72,
1982,43.0,45.0,43.42,
1983,43.0,47.0,43.56,
1984,43.0,46.0,43.64,
1985,43.0,47.0,43.66,
1986,43.0,46.0,43.66,
1987,43.0,47.0,43.54,
1988,43.0,46.0,43.6,
1989,43.0,47.0,43.72,
1990,43.0,47.0,43.62,
1991,43.0,47.0,43.38,
1992,43.0,45.0,43.18,
1993,43.0,47.0,43.72,
1994,43.0,46.0,43.46,
1995,43.0,50.0,43.76,
1996,43.0,46.0,43.58,
1997,43.0,49.0,43.76,
1998,43.0,47.0,43.48,
1999,43.0,46.0,43.58,
2000,43.0,47.0,43.68,
haichi , Machine , Job , Task, Start Time , End Time

0 , 2 , 2 , 4 , 0 , 0 , 
1 , 3 , 3 , 1 , 0 , 1 , 
2 , 4 , 0 , 5 , 0 , 1 , 
3 , 3 , 3 , 0 , 2 , 2 , 
4 , 0 , 0 , 1 , 0 , 0 , 
5 , 4 , 4 , 1 , 2 , 3 , 
6 , 2 , 2 , 1 , 1 , 2 , 
7 , 4 , 1 , 0 , 4 , 6 , 
8 , 3 , 2 , 2 , 3 , 4 , 
9 , 3 , 0 , 4 , 5 , 6 , 
10 , 2 , 1 , 1 , 3 , 4 , 
11 , 4 , 4 , 0 , 7 , 8 , 
12 , 2 , 3 , 3 , 5 , 5 , 
13 , 3 , 2 , 0 , 7 , 8 , 
14 , 3 , 1 , 3 , 9 , 10 , 
15 , 4 , 0 , 3 , 9 , 10 , 
16 , 1 , 4 , 3 , 0 , 1 , 
17 , 4 , 3 , 4 , 11 , 12 , 
18 , 4 , 3 , 2 , 13 , 15 , 
19 , 3 , 1 , 2 , 11 , 11 , 
20 , 3 , 3 , 5 , 12 , 13 , 
21 , 3 , 1 , 4 , 14 , 15 , 
22 , 4 , 1 , 5 , 16 , 16 , 
23 , 3 , 4 , 5 , 16 , 16 , 
24 , 2 , 2 , 3 , 6 , 7 , 
25 , 4 , 2 , 5 , 17 , 19 , 
26 , 3 , 4 , 4 , 17 , 17 , 
27 , 1 , 1 , 8 , 17 , 17 , 
28 , 4 , 3 , 6 , 20 , 22 , 
29 , 4 , 2 , 6 , 23 , 24 , 
30 , 4 , 2 , 10 , 25 , 27 , 
31 , 3 , 2 , 11 , 25 , 25 , 
32 , 4 , 0 , 0 , 28 , 29 , 
33 , 4 , 3 , 8 , 30 , 31 , 
34 , 3 , 1 , 7 , 26 , 27 , 
35 , 3 , 4 , 2 , 28 , 29 , 
36 , 3 , 4 , 10 , 30 , 31 , 
37 , 0 , 4 , 11 , 30 , 30 , 
38 , 4 , 1 , 6 , 32 , 33 , 
39 , 2 , 0 , 2 , 8 , 8 , 
40 , 3 , 3 , 7 , 32 , 33 , 
41 , 3 , 4 , 9 , 34 , 34 , 
42 , 1 , 1 , 10 , 34 , 35 , 
43 , 2 , 1 , 11 , 34 , 34 , 
44 , 1 , 4 , 7 , 36 , 36 , 
45 , 3 , 1 , 9 , 35 , 35 , 
46 , 3 , 0 , 11 , 36 , 37 , 
47 , 3 , 2 , 9 , 38 , 39 , 
48 , 2 , 4 , 8 , 35 , 36 , 
49 , 4 , 4 , 6 , 34 , 36 , 
50 , 0 , 3 , 9 , 34 , 34 , 
51 , 3 , 3 , 11 , 40 , 40 , 
52 , 4 , 3 , 10 , 37 , 39 , 
53 , 4 , 0 , 10 , 40 , 42 , 
54 , 2 , 0 , 9 , 37 , 37 , 
55 , 4 , 2 , 8 , 43 , 43 , 
56 , 2 , 2 , 7 , 38 , 39 , 
57 , 1 , 0 , 7 , 37 , 37 , 
58 , 1 , 0 , 8 , 38 , 38 , 
59 , 2 , 0 , 6 , 40 , 40 , 